ward_id,gade_0,grade_1_sub_a,grade_2_sub_b,grade_3_std_1_abet_1kha_ri_gude_sanli,grade_4_std_2,grade_5_std_3_abet_2,grade_6_std_4,grade_7_std_5_abet_3,grade_8_std_6_form_1,grade_9_std_7_form_2_abet_4,grade_10_std_8_form_3,grade_11_std_9_form_4,grade_12_std_10_form_5,ntc_i_n1_nic_v_level_2,ntc_ii_n2_nic_v_level_3,ntc_iii_n3_nic_v_level_4,n4_ntc_4,n5_ntc_5,n6_ntc_6,certificate_with_less_than_grade_12_std_10,diploma_with_less_than_grade_12_std_10,certificate_with_grade_12_std_10,diploma_with_grade_12_std_10,higher_diploma,post_higher_diploma_masters_doctoral_diploma,bachelors_degree,bachelors_degree_and_post_graduate_diploma,honours_degree,higher_degree_masters_ph_d,other,no_schooling,unspecified,not_applicable
10101001,5.198,3.51,3.297,2.993,3.466,4.213,5.424,7.489,10.342,9.079,7.806,3.326,14.026,0.103,0.08,0.333,0.149,0.05,0.096,0.099,0.074,0.454,1.088,0.385,0.054,0.65,0.178,0.122,0.089,0.098,4.238,0,11.492
10101002,3.644,2.934,2.951,3.002,3.488,4.406,4.966,6.132,12.464,7.651,7.962,3.534,13.232,0.143,0.109,0.271,0.085,0.079,0.321,0.042,0.062,0.452,1.514,1.571,0.196,0.939,0.306,0.212,0.074,0.217,3.544,0,13.496
10101003,3.796,3.468,3.376,3.646,3.812,4.031,4.878,7.799,9.537,8.515,8.875,5.851,11.998,0.121,0.121,0.368,0.017,0.105,0.095,0.035,0.127,0.124,0.815,0.495,0,0.402,0.163,0.204,0.228,0.09,5.626,0,11.282
10101004,3.921,3.738,2.538,3.009,3.742,4.062,5.46,7.693,10.468,7.066,9.068,4.184,13.006,0.207,0.131,0.173,0.126,0.101,0.136,0.024,0.131,0.253,0.769,0.495,0.052,0.383,0.121,0.175,0.055,0.093,3.751,0,14.867
10101005,3.084,2.982,2.819,3.609,4.635,3.856,6.46,7.572,8.023,5.205,6.916,2.425,15.799,0.075,0.217,0.257,0.138,0.156,0.678,0.016,0.085,0.461,2.049,2.857,0.311,1.714,0.458,0.455,0.227,0.346,5.21,0,10.904
10101006,4.268,2.804,2.78,3.425,3.026,4.235,5.739,7.343,9.089,9.84,11.324,4.571,12.862,0.181,0.221,0.049,0.118,0.054,0.083,0.034,0,0.178,0.697,0.625,0.067,0.314,0.099,0.153,0.034,0.124,5.149,0,10.514
10101007,3.089,2.686,2.242,2.781,3.49,4.492,6.149,7.132,9.353,7.368,9.069,3.507,14.501,0.101,0.197,0.186,0.118,0.07,0.204,0.04,0.07,0.228,0.96,1.156,0.117,0.65,0.164,0.222,0.167,0.04,5.489,0,13.963
10101008,3.715,3.995,3.13,3.73,3.253,5.331,6.426,9.408,11.866,7.362,7.071,3.205,9.938,0.013,0.125,0.17,0.033,0.075,0.121,0.038,0.041,0.528,0.73,0.857,0.074,0.288,0.092,0.079,0.136,0.12,5.75,0,12.3
10102001,3.34,3.405,2.879,3.297,4.276,5.274,7.476,8.179,9.381,10.542,8.074,4.517,9.414,0.092,0.065,0,0.055,0,0.074,0,0.018,0.129,0.231,0.185,0,0.232,0.055,0.185,0.148,0.047,7.459,0,10.971
10102002,2.783,2.629,1.839,2.641,2.982,3.335,4.091,5.476,8.744,7.33,8.499,4.336,18.497,0.076,0.233,0.244,0.207,0.038,0.097,0.059,0.388,0.413,0.895,0.754,0.145,0.533,0.218,0.32,0.204,0.058,3.361,0,18.574
10102003,3.426,3.478,3.028,3.023,3.873,4.168,5.453,8.049,7.971,7.793,8.31,5.419,13.828,0.183,0.064,0.139,0.125,0.047,0.15,0.045,0.158,0.416,0.957,0.789,0.048,0.468,0.247,0.166,0.061,0.148,5.613,0,12.357
10102004,4.271,3.39,3.121,3.733,4.284,4.674,7.433,8.875,8.932,7.061,7.245,3.407,10.153,0.075,0.035,0.148,0.118,0.059,0.121,0.019,0.032,0.217,0.609,0.847,0.043,0.254,0.113,0.093,0.106,0.05,7.136,0,13.348
10102005,3.764,2.979,2.162,2.852,3.197,3.502,5,7.587,9.989,7.818,8.534,4.979,16.309,0.047,0.079,0.253,0.175,0.174,0.222,0.078,0.172,0.54,1.419,1.331,0.199,0.423,0.117,0.152,0.137,0.409,3.25,0,12.153
10102006,3.201,2.972,2.64,3.625,4.576,6.211,7.567,10.406,9.236,6.543,5.41,3.705,12.714,0.049,0.049,0.098,0.04,0.04,0.08,0,0.122,0.388,1.096,0.638,0.049,0.503,0.229,0.289,0.226,0.122,6.464,0,10.715
10103001,3.093,2.64,2.816,3.423,3.756,4.868,5.696,5.577,6.667,5.056,6.581,3.365,14.431,0,0.029,0.085,0.084,0.034,0.162,0.01,0.039,0.628,2.746,0.724,0.024,0.892,0.265,0.383,0.354,0.256,7.791,0,17.528
10103002,3.36,2.688,2.735,4.364,4.943,4.997,6.838,8.337,10.217,8.409,7.883,4.15,12.971,0.045,0,0,0.045,0.023,0,0,0,0.474,0.136,0.045,0,0,0.023,0,0.023,0.081,6.765,0,10.448
10103003,3.257,2.891,2.561,3.013,3.985,4.746,6.226,8.218,8.152,5.761,6.646,2.887,14.186,0.069,0.155,0.291,0.128,0.134,0.141,0.027,0.153,0.999,2.575,2.119,0.219,0.98,0.455,0.339,0.189,0.147,6.504,0,11.847
10103004,2.755,2.711,2.551,3.207,4.397,5.005,5.426,8.433,10.012,8.003,7.822,5.606,13.287,0.15,0.087,0.061,0.025,0,0.026,0.038,0.05,0.123,0.564,0.601,0.059,0.183,0.025,0.113,0.013,0.026,4.181,0,14.46
10103005,3.298,2.666,1.862,2.953,3.64,4.433,5.886,8.532,9.653,6.558,7.027,4.372,11.028,0.063,0.063,0.11,0.139,0.054,0.114,0.083,0.101,0.15,0.519,1.05,0.103,0.48,0.112,0.1,0.112,0.128,3.823,0,20.787
10103006,2.251,2.642,2.496,2.886,3.965,4.288,4.841,7.842,7.644,5.304,8.283,2.111,14.504,0.033,0.033,0.343,0.064,0,0.086,0.064,0.148,1.251,1.589,1.621,0.165,0.825,0.593,0.219,0.535,0.373,4.881,0,18.118
10103007,2.687,2.118,1.839,2.577,2.559,3.427,4.488,6.476,9.085,7.103,11.953,4.756,20.518,0.191,0.277,0.276,0.149,0.091,0.117,0.176,0.257,0.725,1.511,1.188,0.248,0.808,0.203,0.253,0.252,0.311,3.318,0,10.065
10104001,2.966,2.186,2.07,2.606,2.762,2.675,3.6,5.567,10.076,10.43,11.995,10.914,16.594,0.198,0.141,0.182,0.098,0.07,0.028,0.058,0.103,0.155,0.495,0.153,0.014,0.1,0.028,0.028,0.014,0.062,1.488,0,12.146
10104002,2.798,3.336,2.786,3.011,4.092,3.846,5.686,7.117,10.412,10.082,9.76,7.848,10.789,0.033,0.056,0.125,0.089,0.045,0.081,0.034,0.044,0.984,0.107,0.123,0.022,0.034,0.011,0,0.011,0.044,3.82,0,12.775
10104003,2.471,1.756,1.455,2.105,2.275,2.217,2.985,4.544,7.254,4.959,7.918,4.918,15.442,0.155,0.093,0.252,0.192,0.038,0.079,0.057,0.3,0.57,0.705,1.102,0.115,0.693,0.272,0.327,0.27,0.111,1.052,0,33.317
10104004,3.055,3.536,2.653,3.362,3.941,4.725,5.877,7.498,10.965,10.12,10.2,6.807,12.183,0.041,0.041,0.068,0.014,0.014,0.014,0.045,0,0.083,0.142,0.063,0,0.027,0.027,0.014,0.013,0.124,2.245,0,12.103
10104005,2.403,1.414,1.609,1.235,1.855,1.758,2.27,2.91,4.481,3.517,10.169,3.973,31.734,0.405,0.964,1.048,0.465,0.467,0.917,0.12,0.292,1.134,2.431,5.037,0.823,2.79,1.104,1.04,1.167,0.223,1.637,0,8.606
10104006,2.188,1.794,1.647,1.579,2.115,2.589,2.82,4.248,6.17,3.697,7.959,3.994,31.485,0.158,0.491,0.618,0.562,0.338,0.498,0.19,0.252,1.649,2.68,3.708,0.686,2.238,0.77,0.818,1.02,0.892,2.064,0,8.083
10104007,3.072,2.3,2.912,3.263,3.939,5.43,6.691,8.513,9.827,7.155,8.041,4.291,15.974,0.111,0.223,0.306,0.16,0.058,0.08,0.093,0.13,0.536,1.472,1.372,0.214,0.481,0.202,0.184,0.131,0.146,4.001,0,8.694
10104008,2.478,1.88,1.623,1.79,1.994,2.288,2.688,2.207,5.209,4.334,11.772,3.929,34.837,0.444,0.578,0.878,0.746,0.459,0.728,0.115,0.192,3.504,1.821,2.556,0.166,1.253,0.479,0.252,0.311,0.359,1.49,0,6.641
10104009,2.308,2.057,1.48,1.885,3.243,3.166,3.667,5.628,7.21,8.827,11.509,13.7,16.611,0.548,0.206,0.119,0.132,0.089,0.105,0.089,0.089,0.749,0.3,0.076,0.015,0.122,0.029,0,0.074,0.151,2.856,0,12.959
10104010,2.887,2.038,2.272,2.227,2.723,3.182,4,4.881,8.073,6.239,8.802,3.645,23.993,0.138,0.296,0.454,0.54,0.369,0.384,0.071,0.197,0.895,1.798,1.742,0.255,1.169,0.355,0.398,0.333,0.188,2.877,0,12.58
10104011,2.299,1.966,1.843,3.027,3.221,3.831,4.797,7.834,8.602,7.447,11.049,4.726,17.855,0.132,0.152,0.364,0.236,0.089,0.234,0.262,0.348,1.157,1.469,1.774,0.407,1.059,0.673,0.412,0.645,0.748,2.291,0,9.051
10104012,2.3,3.027,2.194,2.606,3.342,3.822,4.599,7.165,10.104,11.066,12.072,8.567,10.894,0.155,0.043,0.113,0.084,0.056,0.056,0.098,0.042,0.24,0.564,0.308,0.07,0.044,0.042,0.014,0.014,0.07,3.697,0,12.533
10104013,3.038,2.329,2.331,2.277,2.443,3.109,3.583,6.263,8.95,7.224,11.845,6.186,22.008,0.222,0.271,0.34,0.353,0.135,0.118,0.169,0.064,1.001,0.81,0.829,0.085,0.287,0.135,0.14,0.124,0.305,2.427,0,10.601
10105001,2.157,1.919,1.759,2.835,3.099,3.057,3.934,4.656,4.705,3.58,5.697,2.708,12.302,0.046,0.167,0.292,0.091,0.098,0.166,0,0.116,0.535,0.991,1.429,0.16,1,0.292,0.52,0.241,0.157,3.361,0,37.93
10105002,3.506,2.837,2.306,3.175,3.84,3.962,6.197,7.985,8.215,7.033,8.915,4.868,14.053,0.076,0.116,0.133,0.078,0.129,0.093,0.05,0.176,0.615,1.41,1.339,0.102,0.477,0.222,0.223,0.228,0.078,6.179,0,11.385
10105003,3.377,3.162,2.927,3.502,5.097,5.464,7.168,7.84,7.687,6.458,5.75,3.021,13.781,0.053,0.057,0.176,0.089,0.068,0.12,0.027,0.122,0.234,0.954,1.534,0.124,0.832,0.314,0.242,0.298,0.365,6.732,0,12.426
10105004,3.284,2.787,2.479,3.384,4.327,4.726,4.915,6.813,7.488,7.48,6.949,4.04,11.043,0.026,0.085,0.155,0.092,0.056,0.075,0.136,0.249,0.468,0.531,0.92,0.089,0.512,0.226,0.273,0.209,0.16,5.433,0,20.592
10105005,2.953,2.398,2.042,2.374,4.2,3.946,5.979,6.751,6.773,6.352,8.047,3.639,19.137,0.089,0.106,0.35,0.285,0.157,0.237,0.156,0.299,0.846,2.141,2.419,0.551,2.006,0.568,0.617,0.876,0.698,4.411,0,8.595
10105006,2.654,3.942,3.067,3.334,5.218,4.796,6.496,7.915,9.246,8.776,8.932,5.101,11.124,0,0.102,0.037,0.088,0.015,0.075,0.058,0.052,0.134,0.723,0.505,0.029,0.304,0.18,0.105,0.096,0.072,5.529,0,11.297
10105007,3.673,2.887,2.42,3.295,3.95,4.407,4.945,6.991,6.992,6.069,7.855,3.948,15.134,0.129,0.087,0.223,0.066,0.074,0.065,0.055,0.08,0.236,0.761,1.103,0.126,0.749,0.16,0.2,0.144,0.098,4.518,0,18.559
10105008,2.521,1.637,2.197,1.862,2.358,2.114,2.861,4.31,5.598,4.613,9.166,4.002,22.695,0.068,0.152,0.395,0.22,0.244,0.317,0.087,0.887,1.781,1.86,2.854,0.246,1.306,0.64,0.525,0.561,0.382,2.198,0,19.342
10105009,2.49,2.959,2.175,2.72,3.979,3.207,3.857,4.663,10.322,9.907,10.381,11.95,13.456,0.128,0.082,0.07,0.014,0.014,0.072,0,0.096,0.07,0.283,0.064,0.055,0.125,0.072,0.015,0.057,0.041,3.974,0,12.706
10105010,2.434,1.165,1.368,1.222,1.441,1.907,1.992,2.522,4.974,3.315,7.926,3.442,30.698,0.141,0.292,0.471,0.402,0.208,0.433,0.219,0.289,1.233,2.838,5.694,0.406,3.481,1.081,1.307,0.587,0.331,1.587,0,14.591
10105011,3.273,3.163,3.185,3.139,3.769,4.263,5.658,7.89,7.684,7.904,10.8,6.06,16.216,0.038,0.013,0.013,0.092,0.025,0.025,0.025,0.012,0.013,0.153,0.139,0.025,0.076,0,0,0.013,0.064,5.432,0,10.839
10105012,2.96,2.972,3.329,3.445,4.46,5.607,5.46,7.741,8.497,6.493,6.247,2.708,9.264,0.077,0.064,0.088,0.021,0.083,0.067,0.069,0.024,0.381,0.712,1.459,0.156,0.978,0.235,0.47,0.234,0.045,6.407,0,19.247
10202001,2.661,3.448,2.428,3.351,4.092,4.941,4.982,6.568,8.649,9.649,8.917,10.11,11.361,0.017,0.018,0,0.102,0.017,0.066,0.051,0.064,0.574,0.3,0.232,0,0.17,0.116,0.098,0.017,0.017,5.669,0,11.317
10202002,3.791,3.164,2.974,3.883,5.343,4.521,5.676,7.859,11.137,7.478,7.01,3.474,14.709,0.056,0.05,0.05,0.031,0.081,0.25,0.049,0.112,0.354,1.046,1.021,0.062,1.005,0.131,0.434,0.236,0.057,4.401,0,9.556
10202003,2.789,2.623,2.579,3.265,4.394,4.458,5.542,6.109,8.192,5.933,7.872,4.104,16.156,0.234,0.152,0.24,0.143,0.153,0.22,0.104,0.309,1.086,2.094,2.408,0.322,1.07,0.597,0.59,0.333,0.153,3.307,0,12.472
10202004,3.459,2.645,2.841,2.981,3.779,4.145,4.859,7.298,9.107,7.24,9.424,5.314,17.774,0.076,0.016,0.082,0.196,0.112,0.187,0.033,0.211,0.382,1.377,1.248,0.157,0.787,0.251,0.421,0.409,0.261,4.817,0,8.112
10202005,2.827,2.849,2.678,3.302,4.45,4.444,4.899,6.61,9.16,7.09,6.042,4.213,15.596,0.093,0.187,0.304,0.258,0.183,0.341,0.192,0.342,1.208,2.577,2.079,0.254,1.136,0.522,0.692,0.187,0.194,4.247,0,10.842
10202006,3.51,3.163,2.994,3.138,3.907,5.286,5.439,7.912,9.787,8.225,10.075,6.332,14.313,0.086,0.043,0.065,0.107,0.053,0.032,0.021,0.021,0.732,0.374,0.131,0.054,0.275,0.055,0.033,0.119,0.184,3.644,0,9.891
10202007,3.356,3.259,3.03,3.374,4.492,4.654,5.247,7.427,10.477,7.837,8.684,4.496,13.272,0.076,0.06,0.12,0.112,0.151,0.124,0.024,0.05,0.439,1.152,0.767,0.071,0.304,0.079,0.23,0.11,0.121,4.827,0,11.576
10202008,1.941,2.545,1.96,2.846,3.996,4.75,6.974,8.783,10.14,12.251,10.291,7.973,10.819,0.17,0.019,0.038,0.057,0.019,0.038,0,0.019,0.132,0.264,0.565,0,0.302,0.038,0.075,0,0.057,6.258,0,6.683
10202009,2.024,2.604,2.592,3.183,3.841,4.513,6.458,9.026,9.229,10.044,10.029,7.867,9.886,0.038,0.023,0.019,0.038,0.019,0,0.019,0.068,0.012,0.777,0.959,0.05,0.34,0.209,0.39,0.294,0.075,6.371,0,9.003
10202010,2.332,3.321,3.323,3.662,5.599,5.365,7.361,10.146,10.376,9.466,7.52,5.785,7.839,0.087,0.095,0.038,0,0.019,0,0.019,0.019,0,0.171,0.183,0.038,0.171,0,0.019,0.019,0.038,7.294,0,9.692
10202011,2.38,3.495,2.852,3.016,4.394,4.778,5.578,7.954,10.26,7.332,8.094,4.914,12.081,0.067,0.045,0.115,0.064,0.019,0.073,0.019,0.115,0.265,0.988,0.622,0.118,0.68,0.229,0.215,0.184,0.156,5.139,0,13.76
10202012,3.046,2.465,2.46,3.458,4.168,4.593,6.485,7.625,9.608,8.892,6.878,7.284,9.225,0.035,0.122,0.022,0.033,0.026,0.071,0.038,0.065,0.232,0.388,0.298,0.087,0.134,0.086,0.071,0,0.36,5.892,0,15.854
10203001,3.135,3.038,3.328,3.986,4.683,4.722,5.883,7.431,10.74,7.586,7.528,4.509,10.972,0.077,0.077,0.058,0.039,0.019,0.194,0,0.097,0.484,1.239,0.987,0.271,1.084,0.871,0.639,0.464,0.271,5.302,0,10.286
10203002,1.81,0.932,1.023,1.202,1.451,1.526,1.002,1.733,2.292,1.618,5.395,2.131,27.687,0.193,0.213,0.772,0.801,0.284,1.089,0.212,0.534,2.825,6.753,7.614,0.799,7.433,2.049,2.675,1.916,0.425,1.048,0,12.562
10203003,3.4,2.755,2.453,4.072,4.572,5.004,6.275,8.756,9.103,7.6,7.53,4.783,9.925,0.066,0.037,0.136,0.047,0.09,0.259,0.053,0.167,0.661,1.222,1.402,0.134,0.875,0.32,0.478,0.347,0.292,7.059,0,10.127
10203004,1.792,0.847,1.177,0.993,1.358,0.861,1.264,1.583,2.827,1.719,4.891,2.479,23.327,0.247,0.318,0.411,0.48,0.161,0.767,0.211,0.829,1.805,4.777,5.467,1.184,6.925,2.604,3.135,3.465,1.309,1.051,0,19.735
10203005,3.007,2.923,2.659,3.385,4.212,4.043,4.977,6.938,8.953,9.112,9.834,10.553,11.177,0.123,0.088,0.049,0.038,0.012,0.036,0.037,0.025,0.221,0.223,0.064,0.048,0.051,0.038,0.012,0,0.089,4.002,0,13.072
10203006,3.725,3.434,2.69,3.016,3.151,2.866,4.01,5.239,8.412,7.472,9.368,11.303,17.612,0.433,0.164,0.039,0.125,0.063,0.02,0.04,0.181,0.366,0.466,0.262,0.104,0.162,0.142,0.061,0.084,0.06,2.451,0,12.481
10203007,3.433,2.42,2.363,2.824,3.389,4.268,5.06,6.867,9.787,8.772,10.783,5.312,19.654,0.101,0.025,0,0.138,0.102,0.114,0.025,0.05,0.229,0.439,0.517,0.101,0.163,0.138,0.075,0.063,0.226,2.622,0,9.939
10203008,4.489,3.715,2.786,3.502,3.136,3.938,3.886,4.8,7.795,8.612,8.855,12.685,14.143,0.378,0.125,0.187,0.187,0.251,0.125,0,0.311,0.385,0.257,0,0,0.195,0.132,0.06,0,0.126,2.139,0,12.798
10203009,3.315,2.404,2.318,2.231,2.914,3.148,4.015,4.843,7.139,6.015,9.366,13.456,19.634,0.087,0.089,0.157,0.123,0.053,0.035,0.125,0.315,0.35,1.152,0.693,0.208,0.412,0.191,0.155,0.156,0.209,2.734,0,11.957
10203010,3.026,2.196,2.174,2.732,3.588,4.767,4.83,7.602,9.693,9.1,9.793,5.707,17.158,0.058,0.086,0,0.014,0.043,0.029,0.071,0.085,0.327,1.354,0.429,0.085,0.201,0.071,0.086,0.029,0.142,2.94,0,11.584
10203011,3.388,2.434,2.017,2.314,3.4,3.459,4.159,5.919,8.627,7.231,9.561,7.314,23.836,0.059,0.02,0.049,0.078,0.175,0.205,0.039,0.058,0.365,0.808,1.097,0.128,0.262,0.098,0.156,0.128,0.139,2.151,0,10.326
10203012,3.978,2.37,2.083,2.357,2.791,3.037,3.411,5.044,8.837,6.126,9.411,12.008,19.558,0.273,0.147,0.094,0.13,0.092,0.091,0.109,0.036,1.67,0.783,0.535,0.093,0.601,0.089,0.199,0.089,0.257,2.775,0,10.927
10203013,4.022,2.449,2.363,2.623,3.525,3.762,3.903,6.795,8.324,9.196,11.185,7.986,18.435,0.168,0.091,0.137,0.152,0.122,0.122,0,0.031,0.187,0.456,0.762,0.091,0.092,0.075,0.031,0.031,0.131,2.586,0,10.168
10203014,3.399,2.657,2.874,2.915,3.75,4.017,4.474,6.979,11.105,9.221,11.204,7.733,12.907,0.071,0.042,0.041,0.034,0.025,0.051,0.025,0.017,0.084,0.076,0.144,0.025,0.053,0.034,0.008,0,0.169,3.558,0,12.306
10203015,2.375,1.58,1.172,1.32,1.527,1.353,1.66,2.225,2.836,2.356,4.978,3.106,27.235,0.157,0.291,0.476,0.322,0.458,0.625,0.208,0.268,1.342,4.522,6.646,1.585,6.106,3.025,3.705,3.301,0.645,1.59,0,11.005
10203016,4.083,2.651,2.499,2.616,3.831,3.393,4.272,5.132,8.093,8.536,11.542,12.896,12.914,0.079,0.048,0,0.017,0.064,0.08,0.126,0.047,0.414,0.573,0.739,0.046,0.016,0.047,0.03,0.032,0,2.313,0,12.874
10203017,3.24,2.26,1.62,2.564,2.551,3.59,3.735,5.581,6.579,5.573,8.373,4.477,23.807,0.279,0.338,0.431,0.262,0.278,0.741,0.121,0.195,0.726,2.084,3.069,0.341,1.346,0.637,0.773,0.397,0.121,4.357,0,9.552
10203018,2.397,1.905,1.767,2.083,2.534,2.675,2.613,4.673,6.055,6.347,7.461,3.884,19.825,0.11,0.144,0.272,0.229,0.153,0.515,0.053,0.099,1.131,2.736,2.201,0.401,1.55,0.649,0.722,0.368,0.316,2.885,0,21.246
10203019,1.983,1.114,0.977,1.027,1.521,1.114,1.311,1.737,3.866,2.376,9.02,2.307,27.73,0.294,0.369,0.65,0.522,0.259,0.947,0.23,0.499,2.212,5.201,4.746,0.755,4.055,1.009,1.808,0.891,0.449,0.872,0,18.149
10203020,3.248,2.122,2.254,2.007,3.049,2.657,3.01,4.354,10.208,6.418,12.054,7.305,26.474,0.036,0.036,0.071,0.071,0.331,0.178,0.07,0.21,0.499,0.57,1.729,0.071,0.428,0.178,0.285,0.07,0.082,1.209,0,8.716
10203021,2.723,2.694,2.64,3.276,3.741,3.946,4.932,7.494,10.119,8.546,10.156,6.735,16.642,0.092,0.032,0.031,0.047,0.022,0.07,0,0.031,0.028,0.176,0.174,0.019,0.111,0.081,0.019,0.042,0.205,3.478,0,11.696
10203022,2.708,1.429,1.835,1.959,1.913,2.028,2.38,3.808,5.656,4.498,9.164,4.296,29.855,0.164,0.198,0.22,0.301,0.189,0.379,0.093,0.486,1.781,3.265,4.669,0.418,2.09,0.565,1.092,0.435,0.25,1.127,0,10.748
10203023,2.334,1.465,1.781,1.668,2.167,2.688,2.399,4.348,7.327,4.235,7.803,4.063,29.265,0.16,0.049,0.191,0.338,0.422,0.363,0.25,0.13,1.349,3.06,3.175,0.508,1.835,0.676,0.979,0.554,0.162,1.272,0,12.984
10203024,3.2,2.532,2.582,3.438,3.805,4.923,6.264,8.808,9.766,9.211,8.382,4.353,15.941,0.035,0.035,0.035,0.018,0.053,0.158,0,0.159,0.37,0.826,0.614,0,0.28,0.07,0.176,0.051,0.158,3.416,0,10.34
10203025,2.92,2.711,2.049,2.629,3.343,3.993,4.751,7.091,7.723,7.459,8.584,5.77,16.116,0.035,0.022,0,0.013,0.092,0.087,0.013,0.04,0.441,0.75,0.712,0.057,0.145,0.022,0.175,0.026,0.399,3.202,0,18.633
10203026,3.055,2.381,2.111,2.256,3.567,3.437,4.289,7.156,8.933,8.799,9.509,6.156,24.036,0.035,0.058,0.046,0.104,0.035,0.046,0.046,0.093,0.418,1.371,0.441,0.047,0.236,0.127,0.127,0.069,0.19,2.3,0,8.526
10203027,2.436,2.79,2.21,2.97,4.034,4.326,5.31,8.049,10.835,9.137,11.558,6.278,16.943,0.129,0.056,0.037,0.037,0.056,0.019,0.019,0.019,0.037,0.093,0.63,0.093,0.074,0.018,0.037,0.019,0.149,2.016,0,9.588
10203028,2.598,1.829,2.229,2.325,2.85,2.744,3.43,4.482,5.251,4.32,5.367,3.36,12.533,0.085,0.079,0.088,0.089,0.134,0.2,0.017,0.079,0.427,1.258,2.627,0.408,1.708,0.51,1.247,1.007,0.579,3.33,0,32.814
10203029,3.025,2.002,1.863,2.908,2.912,3.394,4.049,5.822,6.154,4.842,8.315,4.154,21.364,0.391,0.497,0.321,0.322,0.121,0.426,0.046,0.102,1.579,2.829,3.391,0.636,2.629,0.782,1.344,1.055,0.323,2.145,0,10.256
10203030,4.179,3.178,2.503,3.117,4.622,4.92,6.074,8.122,12.161,8.069,9.365,4.326,9.553,0.073,0.031,0.048,0.063,0,0.024,0.071,0.024,1.451,0.564,0.506,0.161,0.255,0.082,0.173,0.082,0.097,5.031,0,11.075
10203031,2.975,3.148,2.377,3.762,4.238,4.303,6.258,8.896,10.314,7.233,8.609,4.723,10.427,0.014,0.113,0.065,0.042,0.044,0.084,0.015,0.046,0.333,0.375,0.657,0.182,0.533,0.107,0.246,0.052,0.162,5.691,0,13.974
10204001,3.314,2.962,2.284,2.455,3.573,3.574,4.383,6.476,8.982,7.922,8.914,6.661,17.923,0.128,0.038,0.058,0.078,0.075,0.114,0.245,0.201,0.441,0.692,1.224,0.213,1.072,0.435,0.623,0.468,0.157,2.972,0,11.343
10204002,3.015,2.84,2.137,3.41,3.829,4.086,4.687,7.148,9.401,9.291,8.464,10.168,13.747,0.031,0.016,0.092,0.063,0.077,0.111,0.583,0.049,0.361,0.332,0.125,0.032,0.098,0.098,0.064,0.031,0.031,3.408,0,12.173
10204003,3.119,2.446,2.695,3.207,3.653,4.97,5.147,7.74,10.491,9.784,9.226,4.712,15.321,0.097,0.095,0.083,0.053,0.035,0.124,0.065,0.139,0.537,0.88,0.665,0.151,0.471,0.371,0.185,0.164,0.117,3.464,0,9.795
10204004,2.714,1.806,2.133,2.472,2.495,3.137,4.334,6.926,9.21,8.137,9.739,5.875,19.974,0.072,0.234,0.246,0.239,0.138,0.327,0.136,0.117,1.452,2.722,2.678,0.298,1.484,0.313,0.431,0.508,0.072,1.809,0,7.772
10204005,2.249,2.04,1.897,2.587,2.614,2.871,4.408,6.504,9.43,8.942,9.938,5.328,20.62,0.063,0.242,0.152,0.193,0.097,0.34,0.292,0.29,1.063,1.904,1.498,0.45,1.58,0.48,0.234,0.716,0.241,3.098,0,7.641
10204006,2.507,1.901,1.822,2.304,3.1,3.719,4.478,5.41,8.362,7.233,10.138,4.991,21.388,0.141,0.081,0.215,0.161,0.202,0.424,0.06,0.267,1.362,1.881,2.265,1.116,1.002,0.405,0.466,0.645,0.465,2.964,0,8.525
10204007,1.027,0.883,1.33,0.847,0.657,0.841,1.126,1.115,1.011,1.611,1.152,1.093,26.273,0.193,0.092,0.093,0.125,0.128,0.124,0.091,0.402,0.608,2.223,5.715,3.696,11.989,5.558,6.631,9.848,0.936,0.574,0,12.01
10204008,0.128,0.123,0.091,0.246,0.179,0.253,0.246,0.317,0.496,1.003,0.659,0.521,9.872,0.022,0.035,0.018,0,0,0.134,0.022,0.022,0.554,0.221,0.551,0.178,2.719,1.1,0.959,0.689,0.041,0.32,0,78.278
10204009,0.285,0.713,0,0,0.143,0.285,0.143,0.297,0.286,0.732,0.576,0.851,21.784,0.391,0,0.147,0,0,0.154,0,0.154,0.663,1.306,1.394,1.138,5.693,3.968,2.907,3.156,0.869,0,0,51.965
10204010,0.821,0.837,0.537,0.961,0.553,1.263,1.385,2.052,2.973,2.928,4.287,1.925,40.699,0.117,0.069,0.045,0.281,0.21,0.27,0.165,0.229,3.476,2.393,1.671,1.353,6.795,3.796,2.613,3.215,0.592,0.701,0,10.788
10204011,1.857,1.689,1.491,2.121,2.591,2.363,3.321,3.844,4.809,4.417,5.155,2.1,20.372,0.068,0.095,0.075,0.112,0.11,0.348,0.145,0.156,1.718,1.675,2.963,0.81,6.259,2.292,2.997,4.314,0.627,2.891,0,16.213
10204012,3.287,2.336,2.287,2.016,2.971,2.93,3.595,5.471,6.796,8.329,10.863,13.002,17.526,0.323,0.104,0.114,0.103,0.057,0.058,0,0.104,0.341,0.409,0.528,0.119,0.224,0.058,0.088,0.115,0.275,2.708,0,12.865
10204013,3.685,2.243,1.929,2.853,2.521,2.813,3.429,5.83,8.374,6.745,8.688,6.65,22.344,0.188,0.145,0.045,0.143,0,0.146,0.048,0.237,1.954,1.281,0.767,0.338,1.004,0.192,0.099,0.181,0.047,3.195,0,11.886
10204014,2.664,2.492,2.216,2.581,2.723,2.759,3.468,4.606,7.556,7.632,10.076,12.163,20.526,0.179,0.022,0.088,0.067,0.021,0,0.022,0.113,1.995,0.781,0.649,0.021,0.157,0.043,0.089,0.021,0.113,2.352,0,11.804
10204015,3.253,2.442,2.067,2.349,3.048,3.176,4.08,5.339,7.62,7.8,9.854,12.248,18.886,0.195,0.139,0.011,0.115,0.012,0.092,0.068,0.147,0.672,0.497,0.437,0.124,0.274,0.079,0.118,0.056,0.169,2.635,0,12.001
10204016,2.582,2.569,2.503,2.861,2.723,4.234,5.215,8.21,8.977,8.531,9.097,5.401,14.22,0.055,0.027,0.096,0.11,0.055,0.041,0.027,0.014,0.411,0.329,0.473,0.014,0.194,0.055,0.083,0.07,0.219,2.381,0,18.224
10204017,2.092,1.673,1.484,1.985,1.969,2.43,2.665,4.044,6.387,5.623,7.988,3.982,19.473,0.159,0.153,0.232,0.124,0.151,0.338,0.188,0.258,1.513,2.621,3.773,0.708,5.53,1.965,4.322,3.691,0.647,1.319,0,10.513
10204018,2.816,3.132,3.048,3.656,4.238,4.117,4.818,7.741,9.123,9.779,9.877,6.495,12.608,0.035,0.069,0.066,0.013,0.013,0.011,0.027,0.099,1.168,0.116,0.341,0.085,0.177,0.178,0,0.115,0.216,5.112,0,10.71
10204019,2.942,2.804,2.804,4.206,4.946,4.101,4.648,6.833,9.334,8.225,7.383,4.931,12.145,0.085,0,0.037,0.132,0.055,0.121,0.041,0.133,0.632,0.786,1.15,0.459,0.837,0.348,0.561,0.579,0.231,5.128,0,13.383
10204020,3.262,3.156,3.928,3.913,5.192,4.746,6.192,7.021,8.244,6.395,5.989,3.775,12.146,0.165,0.06,0.057,0.065,0.02,0.052,0.132,0.185,0.525,1.13,1.849,0.541,2.805,0.651,0.822,0.911,0.284,4.445,0,11.342
10204021,2.871,2.448,2.425,2.308,2.767,4.261,4.044,5.261,5.763,5.007,5.073,4.133,13.945,0.119,0.078,0.191,0.119,0.15,0.376,0.078,0.204,1.568,3.038,3.475,0.74,6.968,2.404,3.28,5.277,0.371,3.036,0,8.223
10204022,1.801,1.321,1.204,1.156,1.244,1.629,1.768,2.166,2.109,2.937,2.573,2.55,13.926,0.148,0.223,0.352,0.273,0.226,0.226,0.123,0.322,1.685,3.328,5.189,1.365,8.748,4.987,6.743,13.051,0.844,1.277,0,14.503
10205001,4.785,3.449,2.645,3.19,3.895,3.375,5.118,6.428,11.443,6.97,8.764,5.447,15.773,0.054,0.066,0.042,0.068,0.096,0.054,0.041,0.094,0.279,0.493,0.5,0.14,0.346,0.123,0.054,0.041,0.504,4.043,0,11.68
10205002,3.701,3.292,2.412,2.789,3.894,4.305,4.852,6.662,11.091,12.38,9.465,7.313,7.768,0.025,0.02,0.053,0,0.053,0.033,0.061,0.026,0.385,0.193,0.075,0.045,0.026,0,0,0.012,0.02,6.563,0,12.485
10205003,4.164,3.33,2.991,3.643,5.026,4.824,6.018,7.149,9.795,7.628,8.484,5.986,10.922,0.013,0.025,0.013,0.038,0.049,0.062,0.032,0.05,1.478,0.297,0.427,0.058,0.1,0.038,0.052,0.065,0.05,5.706,0,11.491
10205004,3.374,3.475,3.638,3.64,5.766,5.331,5.443,8.013,8.111,7.057,8.845,5.175,9.051,0,0,0.024,0.079,0.048,0.068,0.012,0.081,2.031,0.39,0.949,0.041,0.206,0.105,0.143,0.061,0.202,6.862,0,11.781
10205005,3.274,3.391,2.879,3.407,4.848,5.257,5.45,8.443,9.165,7.962,8.4,4.299,10.798,0.088,0.034,0.061,0.091,0.131,0.142,0.032,0.011,0.27,1.219,0.783,0.241,0.806,0.264,0.313,0.146,0.084,6.612,0,11.1
10205006,2.464,1.366,1.49,1.254,1.404,1.876,2.07,2.381,5.1,2.997,9.869,3.544,27.758,0.224,0.201,0.611,0.227,0.295,0.344,0.183,0.133,1.091,5.515,3.952,0.788,2.839,0.944,1.458,1.019,0.536,1.122,0,14.946
10205007,1.83,1.056,0.945,0.949,1.196,1.09,1.328,1.797,5.113,2.351,8.902,2.597,35.355,0.193,0.356,0.403,0.243,0.246,0.407,0.183,0.391,1.52,3.151,3.32,0.319,2.411,0.799,0.975,0.649,0.423,0.635,0,18.866
10205008,2.438,2.443,2.245,2.766,3.273,4.27,4.06,6.04,10.394,7.512,10.637,8.304,18.746,0.133,0.106,0.066,0.129,0.052,0.09,0.03,0.013,1.088,0.71,0.69,0.064,0.422,0.104,0.088,0.04,0.104,2.344,0,10.597
10205009,2.45,2.914,2.006,2.467,3.064,3.176,3.288,5.292,12.894,8.838,10.087,6.91,18.48,0.069,0.017,0.052,0.086,0.155,0.12,0.034,0.034,0.377,1.521,1.082,0.017,0.519,0.155,0.276,0.086,0.488,1.857,0,11.189
10205010,3.115,2.8,2.327,3.246,3.406,3.691,4.186,7.857,9.548,8.501,11.114,6.23,16.816,0.03,0.045,0.117,0.057,0.03,0.177,0.03,0.087,0.239,0.733,0.902,0.102,0.162,0.045,0.059,0.013,0.104,3.1,0,11.129
10205011,2.606,2.381,1.932,2.398,2.838,3.484,3.134,6.095,8.09,6.794,9.359,5.993,21.178,0.106,0.112,0.194,0.141,0.088,0.391,0.46,0.845,2.383,3.044,2.85,0.141,1.177,0.212,0.502,0.124,0.463,2.394,0,8.091
10205012,2.442,1.814,1.626,2.017,2.293,2.425,2.619,3.911,5.927,5.312,9.037,5.145,22.205,0.062,0.047,0.097,0.206,0.083,0.141,0.086,0.089,0.469,1.05,0.849,0.094,0.611,0.189,0.286,0.205,0.299,2.213,0,26.152
10205013,2.643,1.653,1.669,2.211,2.857,3.029,2.892,6.205,8.186,7.425,10.953,6.027,23.202,0.078,0.109,0.062,0.125,0.047,0.218,0.125,0.093,1.074,2.753,2.365,0.171,1.228,0.249,0.452,0.234,0.062,1.371,0,10.234
10205014,2.883,2.54,1.969,2.042,2.584,3.069,3.483,6.282,10.518,8.778,11.916,6.811,18.276,0.149,0.054,0.06,0.274,0.215,0.388,0.06,0.118,0.981,1.76,2.366,0.508,0.57,0.319,0.205,0.077,0.401,1.211,0,9.134
10205015,2.068,1.488,1.315,1.725,1.966,2.324,2.425,2.752,4.411,3.425,5.431,2.51,23.892,0.076,0.206,0.287,0.312,0.121,0.255,0.075,0.238,1.055,2.364,3.857,0.73,1.998,0.905,0.623,0.575,0.612,2.509,0,27.47
10205016,3.651,2.902,2.282,2.732,3.224,3.584,3.933,5.771,8.398,8.873,9.348,11.92,13.436,0.076,0.031,0.03,0.016,0.015,0.014,0.045,0.191,0.672,0.161,0.285,0.014,0.044,0.03,0.014,0.03,0.03,4.956,0,13.291
10205017,2.834,2.69,1.977,2.682,3.866,3.899,4.831,5.431,8.803,5.854,8.864,9.802,19.981,0.187,0.034,0.07,0.179,0.035,0,0.073,0.034,0.275,0.345,1.259,0.035,0.77,0.067,0.303,0.103,0.341,3.443,0,10.935
10205018,3.597,3.132,3.235,3.519,4.844,4.329,5.668,8.229,9.679,7.847,8.804,6.82,12.628,0.089,0.044,0,0.099,0.014,0.043,0.04,0.144,0.239,0.587,0.395,0.071,0.364,0.09,0.17,0.071,0.109,4.482,0,10.616
10205019,2.985,4.18,4.148,4.997,6.568,5.091,6.222,8.516,10.15,8.893,7.071,2.734,6.034,0.094,0.063,0.063,0,0.031,0.314,0.094,0.031,0.314,0.314,0.754,0.063,0.251,0.094,0.251,0.22,0.031,7.605,0,11.82
10205020,3.098,4.409,3.848,3.697,4.958,5.759,4.711,7.551,7.63,6.59,7.445,4.495,12.359,0,0.05,0.025,0.041,0.032,0.097,0,0,0.145,0.287,0.52,0.056,0.405,0.186,0.113,0.107,0.056,5.597,0,15.733
10205021,3.312,2.96,2.621,3.193,3.902,3.887,4.778,6.989,7.669,8.337,9.993,6.876,13.397,0.052,0.032,0.03,0.082,0.016,0.04,0.04,0.049,0.265,0.656,0.278,0.017,0.108,0.033,0.122,0.057,0.049,4.015,0,16.147
10206001,3.428,2.44,1.935,2.278,3.042,3.4,3.971,6.636,9.247,6.138,9.69,4.568,20.989,0.084,0.187,0.193,0.315,0.128,0.209,0.273,0.206,0.588,1.907,2.431,0.29,1.119,0.294,0.377,0.405,0.215,2.224,0,10.793
10206002,2.459,2.422,2.235,2.119,2.666,2.898,3.432,4.487,7.208,7.551,9.883,8.384,20.529,0.256,0.04,0.055,0.069,0.053,0.163,0.082,0.122,0.482,1.172,1.19,0.491,0.754,0.396,0.382,0.188,0.103,3.391,0,14.337
10206003,3.278,2.838,2.53,3.406,4.515,4.639,5.301,7.459,8.938,6.38,8.919,4.321,16.115,0.014,0.069,0.041,0.027,0.054,0.124,0.058,0.054,0.235,0.93,0.386,0.068,0.18,0.204,0.179,0.111,0.109,3.783,0,14.733
10206004,5.145,3.391,3.353,4.372,4.653,5.165,6.496,8.331,9.739,8.356,7.371,4.592,11.209,0.029,0.03,0.053,0,0.045,0,0.06,0.075,0.307,0.26,0.13,0,0.077,0.028,0.045,0.03,0.207,5.787,0,10.662
10206005,2.359,3.895,3.083,3.646,4.773,5.933,6.835,8.151,11.621,7.863,5.881,3.106,9.238,0.021,0.034,0.063,0.034,0.057,0.034,0.452,0.207,2.126,1.119,0.758,0.223,0.727,0.418,0.542,0.462,0.522,4.595,0,11.222
10206006,3.931,3.72,3.066,3.991,5.11,5.367,6.557,9.513,10.156,6.581,7.118,3.569,12.139,0.059,0.012,0.051,0.032,0.012,0.079,0.051,0.06,0.103,0.565,0.599,0.162,0.425,0.189,0.15,0.15,0.186,5.671,0,10.628
10206007,2.46,2.365,2.344,2.917,3.703,3.752,5.731,5.145,8.871,4.985,8.748,3.258,15.987,0.129,0.131,0.171,0.084,0.065,0.147,0.129,0.183,0.705,2.372,1.48,0.128,0.774,0.358,0.264,0.455,0.432,3.824,0,17.899
10206008,2.992,3.638,3.823,3.951,6.371,5.449,6.312,7.55,10.946,7.255,5.865,2.506,10.994,0.02,0.065,0.064,0.109,0.032,0.165,0.077,0.082,1.042,1.271,1.163,0.196,0.81,0.204,0.435,0.287,0.14,6.02,0,10.166
10206009,3.568,2.476,2.677,3.053,3.955,4.931,5.293,7.395,9.787,7.862,9.85,5.535,15.782,0.031,0.061,0.093,0.042,0.06,0.079,0.046,0.143,0.252,0.947,0.837,0.031,0.235,0.111,0.224,0.145,0.047,3.523,0,10.93
10206010,3.315,3.059,2.634,2.639,3.81,4.673,4.45,6.105,7.318,7.888,8.813,10.06,17.58,0.171,0.043,0.021,0.149,0,0.044,0.104,0.107,0.208,0.337,0.815,0.041,0.187,0,0,0.021,0.252,2.901,0,12.252
10206011,4.912,3.497,3.917,3.846,5.075,6.044,5.887,7.309,9.214,6.476,6.172,2.863,10.749,0,0,0.06,0.017,0.02,0.224,0.065,0.086,0.225,1.254,1.326,0.36,0.917,0.206,0.375,0.484,0.332,6.437,0,11.648
10206012,4.021,3.628,3.5,4.02,5.408,6.48,7.779,8.949,10.252,7.733,7.735,3.691,9.124,0,0.008,0.04,0.009,0,0.008,0.046,0.031,0.079,0.311,0.283,0.084,0.216,0.076,0.048,0.063,0.169,5.84,0,10.37
10304001,3.403,2.714,2.417,3.168,3.569,4.176,4.812,5.743,8.2,4.911,7.847,3.288,19.357,0.126,0.128,0.277,0.137,0.112,0.299,0.095,0.232,1.643,2.356,2.76,0.297,1.545,0.625,0.555,0.382,0.439,3.491,0,10.896
10304002,2.722,3.356,2.971,3.981,5.096,5.916,7.708,7.78,8.184,7.682,6.222,3.176,9.682,0.054,0.054,0.045,0.124,0.055,0.159,0.059,0.13,0.487,1.007,1.968,0.298,1.018,0.165,0.198,0.151,0.27,4.943,0,14.339
10304003,3.422,3.566,3.519,4.054,5.397,5.565,6.818,8.053,11.363,6.837,7.134,3.614,11.842,0.046,0.115,0.081,0.065,0,0.057,0.065,0.104,0.219,1.177,1.252,0.086,0.609,0.34,0.338,0.416,0.263,4.337,0,9.247
10304004,3.155,2.17,1.932,2.829,2.14,3.001,4.228,4.865,6.514,4.071,6.982,3.029,16.803,0.067,0.242,0.346,0.303,0.137,0.378,0.138,0.248,1.54,2.927,3.537,0.374,3.073,1.54,0.846,1.358,0.891,3.187,0,17.15
10304005,3.817,2.961,3.391,4.607,4.413,5.233,5.463,7.063,11.131,8.37,7.404,6.214,13.543,0.053,0.013,0.026,0.013,0.079,0,0.014,0.026,0.066,0.118,0.052,0.026,0.028,0.04,0.013,0.052,0.037,5.198,0,10.537
10301001,3.703,3.258,2.501,3.802,4.864,4.8,5.917,6.964,12.075,7.004,7.234,3.366,11.323,0.148,0.14,0.15,0.051,0.117,0.094,0.115,0.085,0.553,1.824,1.373,0.39,0.487,0.432,0.215,0.164,0.254,6.017,0,10.58
10301002,3.634,3.201,2.633,3.337,3.69,5.034,5.695,8.866,9.307,7.984,8.612,4.597,13.605,0.041,0.032,0.17,0.056,0.084,0.042,0.055,0.153,0.79,1.423,1.696,0.351,0.975,0.37,0.412,0.44,0.39,2.483,0,9.844
10301003,3.611,2.244,2.188,2.844,3.479,4.081,4.674,8.298,8.876,7.643,9.039,7.363,13.461,0.032,0.032,0.106,0.063,0.106,0.128,0.095,0.053,1.471,1.133,1.015,0.021,0.362,0.106,0.105,0.01,0.064,3.466,0,13.833
10301004,2.792,2.165,1.741,2.599,3.456,3.875,4.031,6.694,7.233,6.005,6.812,4.286,17.673,0.174,0.143,0.145,0.194,0.146,0.321,0.034,0.171,0.74,4.374,2.072,0.241,2.322,0.585,0.715,0.654,0.181,3.173,0,14.254
10301005,1.801,2.486,2.347,2.953,3.442,3.52,4.34,5.389,6.838,5.971,7.034,4.204,15.284,0.02,0.115,0.126,0.141,0.064,0.119,0.031,0.051,0.476,2.104,0.869,0.184,0.792,0.339,0.344,0.225,0.148,4.933,0,23.307
10301006,2.506,2.851,2.86,3.495,4.239,4.954,5.405,8.694,9.788,9.372,8.801,6.422,12.227,0.089,0.051,0.017,0,0.035,0.07,0,0.035,0.319,0.366,0.157,0.103,0.215,0.074,0.07,0.093,0.12,6.175,0,10.396
10301007,1.908,2.958,2.292,2.685,3.985,4.656,5.48,7.241,9.429,7.599,9.895,5.322,14.672,0.086,0.108,0.088,0.014,0.073,0.057,0.12,0.11,0.303,0.542,0.585,0.062,0.298,0.053,0.113,0.164,0.202,4.03,0,14.869
10301008,2.985,2.208,1.82,2.793,4.115,4.152,6.035,7.892,10.962,10.507,10.806,8.206,12.488,0,0,0.068,0,0.046,0,0.023,0.023,0.047,0.21,0.116,0.023,0.023,0,0.047,0,0.14,3.34,0,10.923
10301009,2.379,2.999,2.577,2.858,4.986,4.763,5.842,8.994,10.416,8.02,9.978,5.412,11.543,0.063,0.024,0.12,0.096,0,0.048,0.039,0.015,0.361,0.165,0.652,0,0.28,0.072,0.102,0.048,0.039,6.111,0,10.997
10301010,2.575,3.781,3.292,3.423,4.727,5.151,6.976,8.411,8.997,8.182,8.215,5.542,11.931,0.033,0.098,0.098,0.033,0.033,0,0.033,0,0.033,0.782,1.565,0.13,0.815,0.228,0.359,0.326,0.163,5.346,0,8.723
10301011,2.677,2.128,2.424,3.27,4.049,4.644,5.02,7.16,8.84,7.676,9.884,7.025,14.598,0.044,0.069,0.158,0.158,0.022,0.182,0.133,0.067,0.892,0.431,1.332,0.067,0.615,0.387,0.247,0.274,0.855,4.668,0,10.004
10301012,3.363,3.366,2.518,3.228,5.003,4.659,6.22,9.552,8.752,8.419,8.337,6.812,10.357,0.016,0.041,0.046,0.102,0.016,0.039,0,0.016,0.791,0.371,0.225,0.051,0.33,0.041,0.051,0.066,0.07,5.166,0,11.979
10301013,3.309,2.288,2.09,2.932,3.531,3.349,4.885,7.318,8.734,7.55,9.68,6.662,15.809,0.103,0.161,0.15,0.132,0.106,0.127,0.125,0.124,1.713,0.96,0.665,0.075,0.451,0.295,0.174,0.123,0.184,3.379,0,12.816
10302001,2.058,2.19,1.713,2.092,3.432,2.581,3.039,3.708,8.057,8.788,10.702,10.639,21.177,0.092,0.129,0.242,0.167,0.036,0.13,0.093,0.183,0.503,1.009,1.909,0.113,0.56,0.555,0.336,0.506,0.074,2.132,0,11.053
10302002,2.691,2.111,2.181,2.133,2.63,3.077,4.105,5.628,10.08,6.41,12.802,3.754,19.818,0.018,0.211,0.521,0.247,0.123,0.157,0.105,0.285,0.493,1.423,1.035,0.197,0.941,0.315,0.239,0.405,0.277,2.435,0,13.158
10302003,0.764,0.407,0.686,0.558,0.437,0.991,0.986,0.855,1.749,1.219,3.553,1.455,24.895,0.25,0.312,0.472,0.254,0.226,0.281,0.134,1.192,2.559,4.44,7.419,2.147,8.361,3.249,2.733,5.58,1.095,0.651,0,20.093
10302004,2.738,2.302,2.269,2.834,3.223,3.737,3.466,6.147,9.7,7.501,10.763,4.7,15.78,0.057,0.137,0.094,0.028,0.03,0.11,0.099,0.295,0.438,1.667,1.525,0.141,1.476,0.276,0.449,0.532,0.661,3.612,0,13.213
10302005,3.055,3.157,2.084,2.982,3.499,3.457,3.991,6.229,7.008,9.453,9.305,12.856,15.057,0.024,0,0.019,0.038,0.056,0.077,0,0.038,0.036,0.205,0.226,0.192,0.094,0.074,0,0,0.037,3.891,0,12.857
10302006,4.202,2.651,2.212,2.514,3.445,4.216,4.389,5.111,6.506,7.621,9.054,11.482,14.882,0.126,0.035,0.056,0.019,0.035,0.093,0.106,0.109,0.846,0.933,0.904,0.054,0.332,0.199,0.144,0.092,0.092,4.836,0,12.703
10302007,1.793,1.178,0.628,1.117,0.915,1.093,1.603,1.279,3.394,2.03,9.165,2.664,34.77,0.384,0.555,1.049,0.501,0.293,0.447,0.233,0.642,2.854,6.971,5.161,0.87,4.451,0.795,1.944,1.456,1.335,0.773,0,7.66
10302008,3.227,2.545,2.08,2.544,3.795,3.94,5.257,7.341,10.587,7.556,10.755,6.103,18.112,0.038,0.038,0.288,0.314,0.025,0.134,0.058,0.066,0.433,1.228,1.472,0.05,0.551,0.211,0.234,0.199,0.127,1.962,0,8.73
10302009,1.1,0.914,0.444,0.721,1.074,1.6,1.825,3.422,3.163,2.526,9.671,2.403,30.376,0.485,0.492,0.579,0.45,0.243,0.401,0.195,0.695,3.492,3.79,9.136,0.931,5.106,3.312,2.201,3.308,0.784,0.724,0,4.441
10302010,2.445,1.69,1.632,2.044,2.752,2.5,3.563,5.008,7.765,6.939,8.835,6.579,19.586,0.232,0.413,0.933,0.451,0.432,0.381,0.202,0.377,2.267,2.624,3.363,0.643,2.343,1.071,1.079,1.638,0.107,2.173,0,7.931
10302011,3.377,2.362,2.346,3.129,4.672,3.607,4.847,6.752,10.56,7.379,9.836,5.341,14.852,0.143,0.266,0.236,0.136,0.082,0.169,0.095,0.236,0.56,1.353,1.92,0.364,1.048,0.554,0.331,0.544,0.348,3.136,0,9.418
10302012,3.158,3.271,1.756,2.603,3.494,3.042,3.744,5.425,6.204,7.801,7.884,13.642,20.247,0.087,0,0.066,0,0.114,0.021,0.088,0.17,0.297,0.224,0.543,0.089,0.219,0.044,0.198,0,0.102,2.521,0,12.944
10302013,1.184,0.845,0.716,0.762,0.679,0.778,1.071,1.111,3.568,2.084,6.038,1.625,31.557,0.303,0.62,0.711,0.691,0.328,0.664,0.204,0.6,1.311,3.898,11.249,1.361,7.358,2.912,2.514,3.981,0.791,0.846,0,7.639
10303001,2.937,1.738,2.185,3.01,3.569,4.116,5.512,8.587,12.189,7.125,8.345,3.618,14.079,0.081,0.154,0.122,0.096,0,0.22,0.062,0.218,0.279,1.053,2.384,0.359,1.017,0.555,0.583,0.391,0.22,2.555,0,12.639
10303002,3.725,2.695,2.22,3.072,4.255,4.385,5.134,9.314,8.904,6.895,9.921,4.441,14.788,0.125,0.077,0.063,0.092,0.063,0.087,0.059,0.203,0.93,2.069,1.513,0.203,0.842,0.261,0.313,0.077,0.272,3.585,0,9.416
10303003,4.204,3.296,2.994,2.924,4.781,5.234,6.221,8.743,9.306,9.408,9.861,6.742,9.786,0.037,0,0,0.019,0,0,0.056,0.058,0.056,0.137,0.169,0.095,0.037,0.018,0,0.019,1.066,4.503,0,10.232
10303004,2.271,2.218,1.916,2.569,2.95,3.02,3.803,4.597,6.567,4.075,9.317,3.312,23.11,0.227,0.229,0.527,0.296,0.252,0.75,0.062,0.211,1.817,3.611,4.89,0.406,3.242,1.023,1.3,0.959,0.298,2.887,0,7.293
10303005,2.56,1.983,2.332,2.667,3.474,4.009,4.411,8.037,8.482,6.457,9.213,3.97,17.991,0.137,0.222,0.373,0.277,0.2,0.255,0.153,0.24,1.184,2.044,3.751,0.644,1.356,0.583,0.496,0.75,0.503,3.371,0,7.877
10401001,3.005,3.302,2.652,4.065,4.841,5.615,6.103,8.401,12.335,7.469,7.344,5.269,13.312,0.018,0.018,0.048,0.078,0,0.037,0.018,0.067,0.122,0.367,0.571,0.048,0.248,0.03,0.133,0.06,0.098,4.749,0,9.577
10401002,3.11,4.256,3.498,4.683,5.313,6.163,7.755,8.498,9.708,7.126,7.36,3.672,9.657,0.063,0.064,0.048,0.037,0.042,0,0,0.068,0.431,0.216,0.489,0.083,0.349,0.195,0.047,0.159,0.147,4.21,0,12.555
10401003,3.559,3.387,3.39,3.896,5.523,5.27,6.29,8.034,13.524,7.612,7.865,4.545,9.668,0,0.133,0.062,0.094,0.024,0.062,0,0.024,0.783,0.335,0.462,0.024,0.143,0.148,0.157,0.038,0.07,4.275,0,10.603
10401004,2.555,3.006,3.056,3.499,4.065,4.157,4.98,7.784,10.698,5.435,5.871,2.178,16.274,0.083,0.207,0.096,0.127,0.114,0.115,0.021,0,0.216,0.641,1.282,0.251,1.018,0.215,0.222,0.331,0.167,4.803,0,16.536
10402001,1.845,1.989,2.505,2.549,3.244,3.147,4.837,7.102,7.909,6.009,9.803,2.896,20.369,0.277,0.146,0.441,0.224,0.157,0.211,0.167,0.318,0.655,2.196,3.011,0.877,1.977,1.006,0.709,0.91,0.77,3.517,0,8.225
10402002,3.267,2.544,3.131,3.299,3.542,4.678,6.737,7.124,9.525,6.922,9.881,3.481,16.291,0.091,0.045,0.215,0.048,0.09,0.184,0.032,0.113,0.307,0.761,1.428,0.089,0.354,0.256,0.136,0.314,0.328,4.68,0,10.106
10402003,1.261,1.837,2.534,2.932,3.019,3.533,5.097,5.308,7.824,3.583,6.368,2.159,22.045,0.064,0.139,0.744,0.253,0.064,0.196,0.088,0.341,0.513,2.11,5.086,0.935,2.807,0.962,1.183,1.611,0.341,4.631,0,10.434
10402004,3.173,3.53,3.716,4.464,5.423,5.697,7.71,8.971,10.687,8.541,6.515,4.148,11.23,0.023,0.015,0.027,0.029,0.079,0.051,0.014,0.014,0.238,0.752,0.843,0.037,0.484,0.149,0.087,0.042,0.11,4.17,0,9.034
10402005,3.093,2.766,2.277,2.869,3.597,3.509,5.485,7.243,10.641,6.524,8.614,3.725,18.936,0.164,0.125,0.172,0.144,0.207,0.252,0.061,0.143,0.618,1.765,1.363,0.123,0.545,0.151,0.187,0.042,0.307,3.516,0,10.836
10402006,3.933,1.951,2.55,3.061,4.235,3.796,4.428,6.717,9.69,7.369,9.614,4.346,14.563,0.118,0.052,0.108,0.119,0.018,0.15,0.084,0.124,0.687,2.019,0.881,0.156,0.708,0.105,0.366,0.116,0.018,3.874,0,14.045
10402007,2.202,2.696,2.812,3.236,4.06,3.587,4.229,6.09,8.392,5.705,8.851,3.246,17.847,0.095,0.057,0.115,0.247,0.096,0.236,0.038,0.096,0.972,3.191,2.405,0.31,1.757,0.696,0.708,0.463,0.248,4.165,0,11.151
10402008,2.818,2.96,3.254,3.651,4.523,4.764,5.971,9.436,12.019,10.187,9.232,4.348,11.494,0,0,0,0,0,0.019,0,0.019,0.326,0.109,0.271,0.019,0.058,0.019,0,0,0.019,4.624,0,9.859
10403001,3.159,2.811,3.278,2.395,3.38,3.648,4.083,5.532,7.13,6.552,9.104,10.534,16.152,0.579,0.349,0.279,0,0.107,0.175,0.282,0.069,2.514,0.435,0.755,0.154,0.188,0.068,0.138,0.157,0.017,4.007,0,11.969
10403002,3.296,3.03,2.995,3.238,3.358,4.022,3.866,6.877,7.275,7.955,9.288,10.405,16.905,0.104,0.239,0.192,0.076,0.041,0.017,0.398,0.061,0.593,0.647,0.119,0.017,0.076,0.134,0.041,0,0.224,3.599,0,10.909
10403003,3.768,3.241,2.653,2.715,3.132,3.796,4.362,6.551,7.051,7.317,9.735,10.776,17.44,0.266,0.108,0.121,0.071,0.069,0.047,0.012,0.047,0.322,0.318,0.25,0.071,0.145,0.059,0.013,0.024,0.142,3.107,0,12.269
10403004,2.399,2.375,2.336,2.343,2.756,2.656,4.158,5.684,6.992,4.414,9.464,2.977,25.641,0.202,0.184,0.483,0.23,0.277,0.283,0.067,0.454,1.19,2.68,3.206,0.649,2.06,0.987,1.045,0.802,0.634,2.908,0,7.464
10403005,1.379,1.38,1.455,2.064,2.46,2.427,3.077,3.47,5.27,3.516,6.87,2.803,29.03,0.265,0.429,0.687,0.324,0.204,0.281,0.188,0.448,1.054,4.546,5.383,1.201,4.485,2.387,1.723,1.845,1.112,2.475,0,5.76
10403006,1.522,1.382,1.232,1.601,1.224,1.488,1.805,1.816,4.696,2.731,9.396,3.062,40.403,0.496,0.749,0.665,0.423,0.17,0.507,0.113,0.295,1.638,2.597,4.205,0.972,1.958,0.841,0.724,1.015,0.419,1.219,0,8.634
10403007,1.997,2.299,2.342,3.032,2.978,3.766,3.799,5.791,5.28,3.962,6.687,3.096,24.136,0.27,0.262,0.419,0.307,0.208,0.233,0.273,0.499,0.957,3.498,3.751,0.353,2.272,0.907,0.639,1.02,0.515,4.601,0,9.852
10403008,1.511,1.908,1.228,1.535,1.483,1.74,2.644,3.245,4.86,3.892,7.459,3.418,26.382,0.639,0.32,0.447,0.433,0.127,0.448,0.198,0.337,1.75,3.717,6.036,0.929,4.091,2.075,2.145,1.535,0.926,1.036,0,11.504
10403009,3.045,3.151,2.385,3.392,3.695,4.533,5.275,8.617,7.966,7.049,9.711,6.656,18.123,0.035,0.072,0.103,0.173,0.126,0.07,0.106,0.085,0.526,0.832,0.226,0.053,0.194,0.194,0.033,0.093,0.132,2.997,0,10.35
10403010,1.072,0.967,1.115,0.607,0.745,1.054,1.164,1.194,5.11,1.744,9.196,1.609,32.156,0.28,0.386,0.68,0.373,0.392,0.513,0.312,1.192,2.021,5.264,4.924,1.025,2.645,1.152,1.245,0.774,0.919,0.711,0,17.458
10403011,2.63,2.513,2.182,2.342,2.136,2.812,3.36,4.234,6.34,5.107,8.856,6.576,26.211,0.242,0.196,0.652,0.3,0.178,0.541,0.176,0.192,1.111,2.015,2.168,0.416,1.808,0.845,0.739,0.484,0.227,2.616,0,9.794
10403012,4.314,3.92,2.618,3.028,3.881,4.752,5.163,7.465,9.13,8.886,8.522,8.391,13.793,0.048,0,0,0.05,0.023,0.122,0.024,0.072,0.297,0.328,0.159,0,0.101,0,0,0.024,0.073,4.02,0,10.795
10403013,3.505,2.474,2.383,2.394,3.182,3.282,4.434,6.35,8.205,5.383,9.446,7.598,24.87,0.303,0.122,0.213,0.318,0.14,0.139,0.301,0.177,1.405,1.613,0.981,0.159,0.356,0.313,0.053,0.036,0.266,1.934,0,7.668
10403014,2.654,3.107,3.005,3.461,4.365,4.639,5.696,7.429,10.339,6.73,10.009,5.492,17.134,0.16,0.193,0.134,0.085,0.024,0.247,0.036,0.085,0.385,0.646,0.521,0.149,0.257,0.052,0.056,0,0.057,3.42,0,9.431
10404001,3.088,2.336,2.469,2.66,3.184,4.396,4.635,5.307,8.141,5.896,8.512,5.334,21.608,0.156,0.116,0.183,0.172,0.104,0.247,0.178,0.143,0.582,1.648,2.085,0.309,1.016,0.336,0.444,0.321,0.247,3.217,0,10.93
10404002,2.379,1.183,0.988,0.917,1.622,1.518,1.658,1.902,4.154,1.315,9.849,1.929,40.141,0.209,0.388,1.03,0.672,0.607,1.077,0.258,0.324,1.039,4.476,4.461,0.49,4.303,1.13,1.492,1.312,0.911,0.638,0,5.628
10404003,1.836,1.623,1.222,1.475,1.122,1.195,1.879,1.182,2.659,1.855,5.891,2.32,32.646,0.167,0.295,0.606,0.483,0.358,0.597,0.291,1.023,2.326,6.483,6.064,1.788,7.715,2.164,2.631,3.151,0.644,0.552,0,5.756
10404004,2.434,1.839,1.839,2.295,3.046,3.47,3.5,5.781,5.402,4.442,7.122,3.183,19.569,0.189,0.13,0.26,0.22,0.092,0.173,0.231,0.284,0.677,2.313,2.884,0.842,2.932,1.362,1.164,1.515,0.685,2.739,0,17.384
10404005,2.168,1.698,1.124,1.53,1.656,1.14,1.859,2.388,4.502,3.061,8.756,4.043,34.951,0.109,0.328,0.563,0.423,0.222,0.535,0.107,0.574,1.253,5.384,3.609,1.226,2.354,0.81,1.107,0.886,0.88,1.101,0,9.653
10404006,3.795,2.909,2.579,3.379,4.81,3.897,4.918,6.682,9.598,7.335,9.963,6.899,17.043,0.047,0.047,0.027,0.042,0.106,0.071,0.035,0.118,0.494,0.547,0.199,0.035,0.246,0.023,0.024,0.081,0.14,3.289,0,10.622
10404007,3.655,3.604,3.331,3.479,4.2,4.777,4.675,6.558,8.435,6.983,10.511,7.212,15.071,0.139,0.038,0.025,0.013,0.026,0.013,0.101,0.037,0.393,0.68,0.101,0.036,0.124,0.099,0.024,0.025,0.103,3.952,0,11.577
10404008,3.492,2.374,3.08,3.405,4.126,4.007,4.799,7.113,8.606,7.533,9.417,6.436,18.58,0.137,0.046,0.03,0.03,0.03,0.046,0.015,0,0.09,0.046,0.11,0.031,0.046,0.03,0,0.046,0.082,4.079,0,12.137
10404009,2.931,2.525,2.561,2.307,2.87,3.514,3.82,5.918,8.211,7.942,10.809,11.194,14.786,0.237,0.275,0.117,0.039,0.077,0.078,0.078,0.06,1.613,0.215,0.212,0.105,0.264,0.039,0.021,0.079,0.058,5.233,0,11.813
10404010,4.55,2.868,2.111,2.795,3.653,3.541,4.97,6.26,6.752,7.352,9.421,11.768,16.472,0.114,0,0.039,0,0,0,0.074,0.076,0.229,0.534,0,0,0.037,0,0.036,0.038,0.074,4.067,0,12.168
10404011,2.944,2.765,2.941,2.53,3.049,3.327,3.984,5.493,6,5.194,7.432,6.901,15.701,0.185,0.153,0.12,0.164,0.054,0.238,0.049,0.107,0.3,0.58,1.109,0.155,0.764,0.22,0.204,0.461,0.177,5.003,0,21.696
10404012,3.946,3.427,2.677,2.163,3.24,3.622,4.218,4.804,7.259,7.165,9.856,12.048,17.697,0.393,0.082,0.167,0.027,0.083,0.111,0.027,0,0.387,0.302,0.45,0.127,0.164,0,0,0.081,0.176,3.295,0,12.006
10404013,3.483,2.677,3.102,2.673,3.654,3.212,4.472,5.876,8.022,6.57,8.917,10.787,17.117,0.471,0.436,0.094,0.171,0.153,0.198,0,0.045,0.325,0.773,0.485,0.076,0.266,0.06,0.077,0.06,0.106,3.777,0,11.865
10404014,3.33,2.822,2.685,3.046,3.427,4.005,4.436,6.291,10.422,6.647,9.915,5.14,21.682,0.072,0.06,0.074,0.134,0.111,0.241,0.184,0.085,0.766,0.864,0.815,0.061,0.202,0.073,0.114,0.074,0.207,2.888,0,9.127
10404015,3.332,4.368,2.829,2.415,3.248,3.454,3.882,5.594,6.613,6.938,9.374,10.279,19.254,0.253,0.077,0.076,0.038,0.098,0.096,0.018,0.075,0.326,0.285,0.284,0.057,0.312,0.039,0.058,0.019,0.078,2.828,0,13.404
10404016,4.31,2.938,2.444,3.204,3.558,3.562,3.999,6.403,9.331,7.285,11.128,6.916,19.319,0.059,0.049,0.059,0.06,0.089,0.089,0.059,0.129,0.306,1.066,0.399,0.167,0.301,0.079,0.157,0.02,0.053,2.343,0,10.121
10404017,2.652,3.649,2.922,3.144,3.915,4.471,5.216,6.839,9.699,7.694,9.833,6.068,16.098,0.115,0.051,0.026,0.038,0.064,0.051,0.098,0.038,0.291,0.268,0.136,0.047,0.025,0.051,0,0.013,0.063,4.326,0,12.099
10404018,1.945,1.46,0.66,1.102,1.709,1.385,1.104,1.901,3.185,2.353,8.853,2.838,33.278,0.213,0.312,0.672,0.856,0.266,0.631,0.36,0.572,2.278,6.171,6.963,1.894,5.626,1.493,2.148,1.94,0.919,0.654,0,4.259
10404019,1.408,1.344,1.262,1.03,1.188,1.119,1.899,1.665,5.059,2.854,11.123,3.204,36.463,0.214,0.351,0.622,0.545,0.307,0.564,0.206,0.37,2.752,4.59,2.525,0.759,2.732,0.9,1.059,0.583,1.051,1.141,0,9.114
10404020,3.523,3.142,2.991,3.991,4.983,4.991,6.652,7.933,10.257,8.286,8.321,6.372,11.733,0.03,0.015,0,0.044,0.015,0.043,0.019,0.046,0.149,0.134,0.059,0.029,0.045,0,0.029,0.03,0.236,4.952,0,10.946
10404021,3.349,3.5,3.007,3.043,3.483,4.385,4.862,5.769,6.301,7.293,7.721,11.644,15.455,0.191,0.026,0.013,0.065,0.038,0.09,0.116,0.074,0.078,0.254,0.245,0.051,0.064,0.042,0.026,0.025,0.037,4.179,0,14.576
10404022,3.234,2.897,2.83,3.525,3.92,4.164,4.867,6.223,7.424,4.689,7.491,3.561,16.778,0.182,0.18,0.189,0.343,0.128,0.182,0.278,0.294,1.668,2.883,1.794,0.595,2.367,0.939,1.24,1.152,0.84,4.67,0,8.471
10404023,2.549,2.378,2.527,2.563,3.371,3.089,3.497,4.469,6.202,3.725,6.502,3.452,16.715,0.059,0.123,0.43,0.104,0.197,0.237,0.071,0.269,5.112,2.637,2.601,0.615,1.567,0.499,0.617,0.662,0.376,2.829,0,19.957
10404024,3.264,3.942,3.581,4.136,5.363,5.306,8.233,8.503,10.669,7.787,7.805,4.167,8.887,0,0.072,0.072,0.024,0.078,0,0.088,0.271,0.304,0.489,0.714,0.121,0.462,0.126,0.232,0.072,0.135,5.243,0,9.852
10404025,2.991,3.381,3.605,3.804,5.148,4.453,6.377,8.487,11.717,6.992,7.976,4.008,12.477,0.057,0.106,0.079,0.057,0.013,0.057,0.022,0.164,0.267,0.477,0.445,0.197,0.407,0.123,0.305,0.159,0.04,5.911,0,9.698
10405001,3.864,3.421,2.961,4.074,4.311,5.572,6.431,8.951,7.902,4.352,5.929,2.656,16.041,0.233,0.147,0.173,0.147,0.127,0.175,0.052,0.096,2.125,1.953,2.731,0.448,1.333,0.27,0.413,0.359,0.292,4.029,0,8.432
10405002,2.783,2.802,2.636,2.96,4.403,4.093,4.92,6.562,6.626,3.448,5.892,2.847,23.114,0.12,0.168,0.208,0.125,0.063,0.334,0.091,0.151,0.602,2.579,2.891,0.518,2.162,0.727,0.84,0.982,0.459,3.635,0,10.259
10405003,1.974,1.57,1.754,1.681,1.857,2.247,2.41,4.291,5.73,4.398,11.142,5.122,26.545,0.418,0.206,0.221,0.084,0.126,0.135,0.23,0.247,1.571,2.781,2.379,0.472,1.287,0.599,0.635,0.49,0.316,1.433,0,15.65
10405004,3.029,3.749,3.278,2.78,4.675,5.577,5.396,7.299,9.915,6.628,7.817,6.604,16.403,0.025,0.025,0.025,0.025,0.025,0.049,0.024,0,0.025,0.378,0.33,0.124,0.025,0.102,0.051,0.051,0.149,4.122,0,11.291
10405005,3.46,2.922,2.658,3.521,4.2,5.497,6.309,9.104,10.027,8.589,10.112,6.181,11.274,0.115,0.038,0.019,0.019,0,0.038,0,0,0.019,0.038,0.106,0,0,0,0,0,0,3.484,0,12.271
10405006,2.846,2.916,2.339,2.996,3.172,4.363,4.72,7.318,9.957,7.755,10.34,6.755,16.665,0.094,0.064,0.032,0.059,0.02,0.071,0.063,0.075,0.305,1.031,0.743,0.117,0.255,0.063,0.255,0.11,0.238,3.33,0,10.933
10405007,2.319,1.781,1.563,1.859,2.209,2.765,3.549,4.923,7.087,5.713,10.548,6.134,24.625,0.115,0.163,0.184,0.118,0.069,0.133,0.162,0.173,0.559,0.847,1.163,0.115,0.346,0.197,0.083,0.165,0.243,1.514,0,18.575
10405008,2.963,3.361,2.542,2.795,3.773,4.489,4.741,7.273,10.373,7.869,9.121,7.502,15.829,0.077,0.067,0.022,0.023,0.033,0.055,0.034,0.032,0.123,0.45,0.338,0.066,0.145,0.023,0.032,0.035,0.089,4.919,0,10.805
10405009,4.037,2.712,3.49,4.024,4.932,6.347,6.737,9.658,10.53,6.946,7.75,4.845,12.643,0,0,0.021,0.021,0.063,0.085,0.042,0,0.021,0.126,0.234,0.021,0.131,0.064,0.149,0.021,0.191,3.829,0,10.328
10405010,3.071,3.113,3.59,4.297,5.528,7.002,6.79,9.762,11.091,7.245,7.37,4.669,9.418,0.024,0,0.019,0,0.016,0.019,0.019,0.056,0.149,0.118,0.077,0,0,0.043,0,0,0.148,5.043,0,11.326
10405011,4.068,3.6,3.922,5.034,6.473,6.041,7.389,8.978,10.275,6.371,5.977,3.122,9.07,0.095,0.08,0.034,0.078,0.045,0.048,0.022,0.011,0.195,0.588,0.711,0.143,0.324,0.171,0.247,0.189,0.253,4.984,0,11.466
10405012,4.05,3.925,3.168,4.309,4.431,5.538,6.606,10.948,10.047,6.385,8.043,3.533,9.987,0.088,0.107,0.111,0.033,0.043,0.057,0,0.028,0.108,0.12,0.694,0.018,0.149,0.199,0.199,0.028,0.199,5.01,0,11.836
10405013,2.04,2.787,1.668,2.737,3.498,4.062,4.18,7.424,9.007,6.353,11.01,7.058,20.049,0,0.049,0.123,0,0,0.025,0,0.049,0.123,0.441,1.381,0.7,0.074,0.162,0.025,0.025,0.098,1.906,0,12.947
10407001,2.422,2.811,2.668,2.958,4.151,4.249,4.699,6.403,7.475,7.219,8.868,5.65,14.157,0.217,0.069,0.394,0.116,0.136,0.122,0.048,0.343,0.92,1.462,1.882,0.36,1.406,0.758,0.471,0.608,0.458,3.866,0,12.635
10407002,1.898,0.998,1.091,1.194,1.406,1.599,1.313,2.546,3.072,2.919,5.927,5.06,25.453,0.251,0.315,0.676,0.253,0.106,0.383,0.26,0.571,1.978,3.472,6.257,1.444,5.528,2.185,1.434,1.691,1.183,1.228,0,16.309
10407003,3.354,2.336,2.099,2.621,3.098,3.929,4.517,6.722,9.442,7.756,9.633,11.864,17.382,0.026,0,0.052,0,0.026,0.025,0.258,0.128,0.902,0.78,0.285,0.025,0.099,0.026,0.12,0.05,0,2.427,0,10.019
10407004,2.893,2.204,2.644,3.274,3.692,4.593,4.758,7.767,8.893,6.678,9.26,8.147,17.904,0.017,0.034,0.085,0.069,0.068,0.035,0.051,0.083,0.942,1.143,0.172,0.068,0.308,0.051,0.085,0.084,0.017,3.184,0,10.795
10407005,4.347,2.512,2.252,2.626,2.666,2.675,3.225,5.223,6.737,7.45,8.39,12.433,22.8,0.061,0.12,0.039,0.197,0.021,0.242,0.039,0.119,0.439,0.617,0.748,0.139,0.213,0.138,0.057,0,0.04,2.014,0,11.422
10407006,4.679,2.342,2.578,3.109,2.885,2.955,3.45,4.951,5.205,6.075,7.777,13.177,23.419,0.109,0.027,0.112,0,0.082,0.137,0.281,0.084,0.612,0.741,0.28,0,0.192,0.109,0.107,0.027,0.138,1.89,0,12.469
10407007,3.409,2.369,2.53,3.206,3.954,4.053,4.8,7.011,8.97,7.076,9.061,7.073,17.7,0.055,0.127,0.119,0.09,0.094,0.123,0.146,0.258,0.651,1.535,1.293,0.253,0.632,0.309,0.203,0.332,0.139,2.502,0,9.927
10408001,2.257,2.346,2.439,2.472,2.712,3.903,4.684,5.706,6.93,6.895,9.219,8.677,19.754,0.078,0.154,0.173,0.205,0.231,0.292,0.057,0.19,1.05,1.128,2.712,0.556,1.451,0.386,0.447,0.795,0.639,2.453,0,9.009
10408002,1.79,1.995,1.546,2.946,3.787,3.928,4.054,6.433,7.207,5.334,10.141,4.006,25.116,0.097,0.164,0.459,0.187,0.2,0.296,0.173,0.19,0.315,1.86,2.494,0.644,1.538,0.991,0.769,0.789,0.702,2.485,0,7.363
10408003,2.772,3.303,2.651,2.522,3.735,3.89,4.403,6.766,8.284,7.675,9.38,9.79,14.628,0.207,0.079,0.147,0.05,0.103,0,0.026,0.076,1.875,0.546,0.527,0,0.16,0,0.157,0.202,0.307,4.076,0,11.663
10408004,2.657,2.841,2.232,2.21,2.559,3.397,3.569,4.925,6.182,6.409,8.214,10.579,23.47,0.113,0.046,0.183,0.044,0.112,0.159,0.091,0.023,0.433,1.357,1.501,0.253,0.994,0.361,0.328,0.251,0.136,4,0,10.371
10408005,3.346,2.717,2.381,3.088,4.386,4.095,6.84,6.551,7.464,7.16,6.947,4.458,17.618,0.21,0.07,0.22,0.09,0.02,0.13,0.148,0.212,0.441,1.631,1.995,0.707,1.915,0.923,0.742,1.073,0.998,2.614,0,8.812
10408006,2.533,2.709,2.589,2.928,4.244,4.432,4.788,6.188,8.575,7.646,9.231,7.473,21.402,0.041,0.014,0.054,0.027,0.027,0.014,0.081,0.027,0.33,0.468,0.202,0.027,0.122,0.054,0,0.027,0.054,3.246,0,10.447
10408007,3.45,3.108,2.796,2.878,3.775,3.844,4.386,6.109,7.349,7.33,9.463,11.288,15.57,0.216,0.028,0.047,0.017,0.047,0.026,0.093,0.047,0.822,0.308,0.416,0.046,0.159,0.087,0.08,0.017,0.072,3.216,0,12.907
10408008,3.442,3.045,2.738,2.617,2.971,4.01,4.313,5.282,7.967,6.727,8.147,7.598,18.229,0.04,0.02,0.122,0.081,0.161,0.101,0.228,1.318,0.722,3.127,1.171,0.161,1.065,0.261,0.341,0,0.345,1.597,0,12.054
10408009,2.374,1.68,1.911,2.453,2.213,2.763,3.196,4.749,6.879,4.654,6.025,4.749,20.841,0.138,0.322,0.279,0.156,0.139,0.217,0.169,0.262,1.137,2,4.518,0.841,4.052,1.338,1.733,1.658,0.636,1.185,0,14.734
10408010,1.345,0.93,0.755,0.915,0.9,1.057,1.525,1.322,2.767,1.949,6.574,2.618,30.67,0.333,0.535,0.559,0.293,0.272,0.324,0.333,0.298,1.475,3.175,5.59,0.756,3.839,1.335,1.545,1.444,1.095,0.905,0,22.567
10501001,3.517,2.658,2.571,3.844,5.295,5.346,6.015,6.364,9.837,6.647,7.267,4.437,11.399,0,0.042,0.035,0,0.068,0.042,0.152,0.084,0.25,0.275,0.192,0.084,0,0.193,0,0.035,0,10.224,0,13.127
10501002,1.646,0.888,1.596,1.474,1.402,1.9,2.725,2.351,5.501,3.561,7.08,2.955,11.841,0.261,0.131,0,0.131,0.126,0,0,0.254,2.264,4.389,6.702,0.261,0.873,0.784,0.385,0.523,0.208,7.053,0,30.732
10501003,1.958,1.631,0.978,2.06,1.962,1.306,1.635,1.958,4.595,3.951,10.677,4.289,26.841,0,0,0.337,0,0.337,0,0.654,0.98,6.071,12.908,3.224,0,1.384,0.673,0.352,0,0.352,0.654,0,8.233
10501004,2.985,2.31,2.846,3.624,5.015,5.45,6.82,7.464,10.343,7.949,7.172,3.982,9.355,0.074,0.103,0.092,0,0.046,0.138,0.046,0.046,0.319,1.666,0.451,0.259,0.6,0.287,0.277,0.121,0.148,8.28,0,11.733
10502001,4.138,2.951,2.948,4.491,4.568,5.414,5.587,7.206,10.664,8.186,7.455,3.631,7.47,0.055,0.055,0.033,0.069,0.067,0.109,0.101,0.332,2.512,1.038,0.975,0.134,0.321,0.109,0.067,0,0.219,7.07,0,12.025
10502002,2.5,2.443,2.71,3.723,3.375,3.864,5.307,5.137,7.299,5.468,7.075,2.46,21.066,0.044,0.272,0.046,0.183,0,0.048,0,0.046,1.004,1.925,2.643,0.852,1.8,0.758,0.664,0.363,0.503,5.124,0,11.296
10502003,3.902,3.329,4.26,4.841,5.12,6.351,7.749,9.664,10.376,7.441,6.438,3.57,7.932,0.089,0,0.045,0,0,0,0,0,0,0.137,0.045,0.045,0,0,0,0.045,0.266,7.101,0,11.254
10502004,2.276,3.081,3.894,4.329,5.194,6.849,6.42,8.495,8.381,7.367,5.909,3.29,9.286,0,0.044,0,0.089,0.133,0,0,0.116,0.499,0.578,1.754,0.311,0.889,0.133,0.334,0.178,0.277,8.726,0,11.167
10503001,3.044,3.008,3.847,3.699,4.666,4.926,5.415,7.266,10.407,6.419,6.213,3.197,7.96,0.052,0.026,0.057,0.026,0.016,0,0.032,0.026,0.163,0.537,0.823,0.197,0.48,0.077,0.212,0.232,0.026,11.226,0,15.725
10503002,2.871,1.986,2.121,2.425,2.968,2.612,3.459,4.666,7.788,4.883,7.812,4.631,18.951,0.111,0.133,0.066,0.164,0.12,0.228,0.018,0.177,0.741,1.53,2.097,0.166,1.07,0.426,0.407,0.202,0.353,5.692,0,19.124
10503003,4.652,3.149,2.337,3.307,3.778,5.201,5.248,6.897,8.57,6.334,8.494,4.637,17.059,0.065,0.049,0.065,0,0.098,0.033,0.064,0.032,1.561,0.714,0.6,0.065,0.065,0.129,0.098,0.032,0.065,5.019,0,11.585
10503004,2.35,2.806,2.375,3.03,3.101,2.836,3.49,4.727,6.519,5.238,8.406,5.189,22.818,0.066,0.157,0.366,0.175,0.135,0.213,0.089,0.329,2.795,2.613,1.539,0.113,0.96,0.381,0.47,0.358,0.288,3.441,0,12.63
10503005,3.231,3.566,3.006,3.562,3.981,5.131,5.526,6.885,7.562,6.853,7.967,5.753,17.765,0.034,0.148,0.017,0.067,0.05,0.05,0.016,0.166,0.348,0.725,0.664,0.049,0.349,0.115,0.033,0.066,0.149,5.559,0,10.608
10503006,3.888,2.842,3.867,4.42,4.875,4.394,5.717,7.225,8.91,7.07,8.952,4.66,10.029,0.048,0.024,0,0.048,0.048,0.049,0.024,0.048,0.072,0.096,0,0.024,0.024,0.026,0,0,0.072,10.973,0,11.576
10503007,2.912,3.875,3.076,3.189,4.013,4.41,5.715,7.294,8.148,6.867,7.791,4.496,11.259,0.068,0.039,0.039,0.039,0.018,0.085,0,0.079,0.128,0.365,0.569,0.029,0.327,0.127,0.029,0.028,0.116,8.397,0,16.471
19100001,1.612,1.148,1.049,1.022,1.162,1.138,1.522,1.673,3.462,2.149,6.804,2.565,29.023,0.328,0.596,0.883,0.491,0.326,0.812,0.265,0.564,2.496,5.455,7.312,1.019,6.081,2.204,2.664,2.108,0.901,0.809,0,10.359
19100002,1.545,1.041,0.93,0.933,1.194,1.074,1.538,1.699,3.706,2.342,7.369,2.69,30.491,0.235,0.513,0.674,0.474,0.289,0.719,0.24,0.374,1.878,4.65,6.51,0.825,4.972,1.691,2.163,1.852,0.548,0.958,0,13.88
19100003,1.529,0.941,1.07,0.903,1.033,1.235,1.494,1.446,3.937,2.23,7.368,2.551,32.441,0.334,0.413,0.91,0.635,0.514,0.722,0.446,0.889,2.047,5.482,5.309,0.893,4.109,1.42,1.959,1.365,0.775,1.136,0,12.464
19100004,2.434,1.943,1.574,1.476,1.694,1.902,1.993,2.484,4.098,3.95,6.668,7.964,25.443,0.259,0.307,0.444,0.273,0.217,0.293,0.234,0.304,2.02,4.005,4.716,0.704,4.803,1.561,2.256,1.466,0.687,1.354,0,10.475
19100005,1.582,1.04,0.97,1.032,1.183,1.222,1.349,1.725,4.208,2.617,10.282,3.088,29.744,0.364,0.752,1.493,0.67,0.442,0.609,0.302,0.443,1.892,3.562,5.684,0.658,3.363,1.09,1.342,0.832,0.816,0.795,0,14.847
19100006,3.084,2.348,2.226,2.443,3.009,3.767,4.042,4.826,7.319,6.997,9.211,8.438,20.183,0.164,0.163,0.271,0.178,0.144,0.259,0.137,0.151,0.711,1.479,1.923,0.168,1.002,0.321,0.355,0.229,0.173,3.178,0,11.1
19100007,2.127,1.961,2.036,2.125,2.602,2.963,3.437,5.052,7.597,6.826,11.143,5.606,21.884,0.116,0.169,0.231,0.228,0.144,0.193,0.173,0.369,1.817,2.63,2.16,0.448,1.172,0.604,0.599,0.273,0.242,2.877,0,10.197
19100008,2.021,1.552,1.447,1.258,1.508,1.649,1.649,1.993,3.643,2.795,7.353,3.266,29.992,0.358,0.586,0.942,0.669,0.396,0.937,0.334,0.563,2.74,5.168,6.27,0.712,4.127,1.566,1.801,1.17,0.56,1.628,0,9.349
19100009,2.354,1.823,1.746,1.962,2.371,2.445,3.167,4.515,8.055,6.907,8.992,5.42,15.866,0.105,0.151,0.171,0.132,0.101,0.122,0.128,0.221,0.706,1.266,1.233,0.176,1.16,0.567,0.549,0.33,0.13,2.664,0,24.466
19100010,1.899,1.456,1.42,1.302,1.655,1.853,2.437,3.464,6.456,4.326,9.68,4.604,25.428,0.126,0.203,0.316,0.241,0.121,0.225,0.123,0.281,0.891,2.685,2.81,0.492,1.791,0.567,0.839,0.446,0.303,1.966,0,19.595
19100011,2.267,1.911,1.882,1.895,2.112,2.548,3.057,4.046,7.569,6.077,9.222,5.587,20.905,0.175,0.238,0.418,0.268,0.203,0.294,0.212,0.311,1.391,3.019,3.278,0.398,2.692,0.816,1.048,0.674,0.328,2.29,0,12.871
19100012,3.051,2.449,2.095,2.538,3.014,3.37,4.052,7.203,9.343,9.109,12.555,6.942,17.748,0.14,0.151,0.154,0.095,0.068,0.12,0.107,0.081,0.393,0.559,0.736,0.134,0.329,0.143,0.116,0.051,0.368,2.48,0,10.305
19100013,3.264,2.782,2.234,2.466,3.236,3.468,4.445,6.954,9.945,9.629,11.968,8.776,14.219,0.091,0.06,0.086,0.044,0.035,0.061,0.077,0.065,0.334,0.467,0.262,0.059,0.114,0.074,0.041,0.01,0.062,2.474,0,12.195
19100014,2.603,2.101,1.993,2.106,2.545,2.73,3.06,4.468,6.922,6.073,9.656,5.504,21.351,0.174,0.368,0.336,0.274,0.202,0.372,0.202,0.225,1.42,2.798,3.285,0.507,2.295,0.828,0.965,0.865,0.323,2.597,0,10.85
19100015,1.845,1.293,1.666,1.302,1.449,1.493,1.634,1.846,2.94,2.678,4.279,2.54,23.345,0.317,0.368,0.509,0.414,0.235,0.649,0.319,0.399,2.465,5.148,8.222,1.506,8.298,3.388,4.475,5.303,1.243,1.328,0,7.106
19100016,2.687,2.513,2.163,2.469,2.78,2.949,3.644,5.122,7.782,7.373,11.27,8.151,21.388,0.074,0.08,0.116,0.079,0.1,0.14,0.162,0.129,0.854,0.97,0.999,0.134,0.567,0.173,0.138,0.107,0.32,2.019,0,12.548
19100017,2.459,2.261,2.29,2.363,2.717,3.321,3.694,5.688,7.911,7.361,11.36,6.972,22.246,0.139,0.187,0.202,0.124,0.091,0.106,0.108,0.14,1.282,1.272,1.178,0.247,0.67,0.325,0.313,0.161,0.328,2.184,0,10.299
19100018,3.604,2.789,2.488,2.546,3.282,3.236,3.713,5.011,7.72,7.258,8.733,11.123,19.274,0.185,0.129,0.119,0.106,0.091,0.145,0.063,0.184,0.628,1.187,0.703,0.199,0.625,0.329,0.139,0.137,0.127,2.262,0,11.87
19100019,2.764,2.753,2.412,2.697,3.317,3.27,3.868,5.635,8.462,7.985,9.864,7.271,17.03,0.126,0.116,0.169,0.166,0.117,0.163,0.111,0.108,0.716,1.418,1.531,0.237,1.162,0.37,0.419,0.202,0.241,3.039,0,12.263
19100020,3.118,2.968,2.414,2.521,3.394,3.478,4.534,6.497,9.343,8.661,11.494,9.327,14.73,0.137,0.052,0.086,0.067,0.045,0.091,0.046,0.063,0.48,0.445,0.458,0.069,0.166,0.083,0.049,0.037,0.263,2.828,0,12.059
19100021,1.755,1.218,1.338,1.085,1.351,1.278,1.476,1.273,2.209,1.528,4.037,2.025,24.022,0.19,0.357,0.646,0.372,0.379,0.712,0.28,0.635,2.957,6.099,8.157,1.704,9.192,3.749,5.141,4.743,0.861,1.082,0,8.15
19100022,2.441,2.158,1.744,2.161,2.852,2.998,3.763,5.948,8.573,7.069,10.964,5.854,20.661,0.117,0.199,0.258,0.19,0.065,0.212,0.122,0.19,1.281,1.563,1.907,0.281,1.831,0.506,0.677,0.415,0.329,1.868,0,10.804
19100023,2.072,1.411,1.341,1.335,1.519,1.401,1.641,1.852,2.906,2.072,4.549,2.514,27.937,0.407,0.566,0.876,0.548,0.351,0.758,0.298,0.705,2.262,5.561,8.856,1.279,6.665,2.359,3.131,2.894,1.485,1.434,0,7.016
19100024,2.277,2.743,2.254,2.453,3.292,3.905,4.936,8.154,10.212,10.511,11.903,6.965,13.174,0.038,0.021,0.051,0.068,0.043,0.03,0.051,0.042,2.035,0.333,0.243,0.034,0.265,0.085,0.047,0.06,0.142,3.071,0,10.561
19100025,2.517,2.37,2.116,2.523,2.956,3.492,4.447,7.35,10.383,9.222,11.768,6.693,17.146,0.03,0.065,0.071,0.059,0.048,0.054,0.079,0.111,0.927,0.667,0.566,0.089,0.666,0.137,0.204,0.134,0.208,2.45,0,10.451
19100026,2.391,2.012,1.892,1.871,2.274,2.435,3.117,4.735,7.97,6.087,12.028,5.33,26.434,0.16,0.253,0.315,0.218,0.155,0.255,0.151,0.303,0.761,1.861,1.873,0.3,1.421,0.46,0.44,0.226,0.563,1.802,0,9.907
19100027,2.183,1.267,1.405,1.147,1.517,1.399,1.929,2.227,5.708,3.527,11.22,3.588,32.834,0.36,0.405,0.834,0.429,0.29,0.552,0.275,0.818,1.764,4.008,3.942,0.577,2.913,1.145,1.12,0.695,0.53,1.037,0,8.355
19100028,2.737,2.496,2.078,2.524,3.147,3.566,4.243,7.706,10.638,9.41,12.359,6.806,17.608,0.111,0.069,0.108,0.072,0.065,0.137,0.055,0.12,0.35,0.326,0.48,0.123,0.224,0.112,0.088,0.084,0.12,2.162,0,9.877
19100029,2.836,2.524,2.15,2.422,3.181,3.575,4.238,6.47,10.237,7.485,12.32,7.717,18.777,0.084,0.055,0.109,0.07,0.041,0.094,0.091,0.119,0.682,0.752,0.457,0.086,0.142,0.081,0.063,0.039,0.193,2.028,0,10.882
19100030,2.747,2.305,1.986,2.353,2.76,3.519,4.17,6.409,10.555,8.686,13.347,5.946,19.076,0.085,0.103,0.199,0.132,0.07,0.073,0.065,0.083,0.399,0.652,0.748,0.08,0.488,0.124,0.136,0.095,0.354,1.861,0,10.396
19100031,2.731,2.832,2.324,2.804,3.547,4.091,5.039,7.475,10.586,9.625,11.102,6.128,14.232,0.067,0.121,0.095,0.071,0.034,0.06,0.03,0.036,0.497,0.414,1.307,0.142,0.525,0.257,0.301,0.132,0.2,2.07,0,11.124
19100032,2.925,2.655,2.295,2.346,3.291,3.274,3.845,6.067,8.205,7.339,11.881,8.903,20.121,0.138,0.152,0.203,0.136,0.079,0.103,0.051,0.073,0.264,0.451,0.7,0.084,0.188,0.077,0.08,0.058,0.163,2.714,0,11.14
19100033,3.049,2.928,2.135,2.141,2.734,2.694,3.26,4.462,6.704,7.657,10.192,14.844,19.774,0.183,0.082,0.046,0.071,0.054,0.071,0.011,0.141,0.453,0.569,0.378,0.056,0.204,0.124,0.06,0.063,0.119,2.062,0,12.679
19100034,3.18,2.711,2.167,2.199,2.832,2.882,3.296,4.328,6.741,7.203,9.93,15.508,19.233,0.259,0.118,0.083,0.09,0.1,0.111,0.017,0.077,0.322,0.661,0.542,0.106,0.227,0.122,0.064,0.041,0.083,2.031,0,12.735
19100035,3.37,3.035,2.513,2.476,2.981,3.135,3.437,4.621,6.688,6.928,9.562,12.346,18.997,0.186,0.084,0.059,0.035,0.083,0.136,0.053,0.1,0.496,0.835,0.412,0.137,0.4,0.155,0.076,0.06,0.106,3.317,0,13.183
19100036,3.423,2.88,2.595,2.545,3.141,3.164,3.923,4.859,7.647,7.263,9.595,11.883,15.268,0.262,0.046,0.056,0.049,0.034,0.031,0.082,0.089,1.15,0.501,0.578,0.114,0.131,0.17,0.071,0.055,0.166,5.619,0,12.607
19100037,3.24,2.641,2.707,2.763,3.483,3.359,4.196,5.38,8.858,7.306,9.513,12.731,17.689,0.172,0.112,0.085,0.053,0.048,0.074,0.064,0.079,0.508,0.409,0.467,0.08,0.123,0.073,0.067,0.031,0.058,2.114,0,11.516
19100038,3.552,2.338,2.498,2.238,2.991,2.928,2.783,4.121,8.236,5.922,9.203,11.896,19.94,0.104,0.086,0.04,0.057,0.029,0.069,0.936,0.149,2.045,1.241,0.868,0.157,0.723,0.118,0.128,0.062,0.104,3.306,0,11.132
19100039,2.814,2.597,2.396,2.212,2.93,3.01,3.834,5.138,8.176,7.898,9.591,13.249,15.304,0.125,0.054,0.068,0.057,0.082,0.063,0.024,0.044,2.184,0.467,0.432,0.081,0.169,0.106,0.044,0.019,0.106,3.813,0,12.912
19100040,2.974,2.342,2.06,1.987,2.697,2.824,3.661,4.352,7.979,7.721,10.546,13.462,20.287,0.137,0.071,0.067,0.05,0.143,0.103,0.058,0.075,0.437,0.899,0.385,0.119,0.205,0.169,0.079,0.07,0.15,1.625,0,12.267
19100041,3.231,2.147,2.193,1.853,2.464,2.344,3.159,4.134,7.898,5.777,9.901,11.668,24.322,0.164,0.108,0.084,0.08,0.017,0.17,0.067,0.09,0.625,1.706,1.604,0.231,1.039,0.209,0.216,0.081,0.179,1.422,0,10.817
19100042,3.037,2.389,2.226,2.377,3.062,2.942,3.725,4.757,9.536,8.145,11.141,12.356,19.294,0.192,0.096,0.061,0.055,0.065,0.055,0.046,0.134,0.36,0.459,0.47,0.06,0.21,0.086,0.052,0.059,0.165,1.792,0,10.599
19100043,2.743,1.949,2.052,2.008,2.174,2.456,3.115,4.905,7.444,7.05,11.985,6.386,24.936,0.155,0.269,0.471,0.23,0.2,0.205,0.151,0.259,1.657,2.673,1.684,0.207,1.257,0.377,0.351,0.173,0.317,1.433,0,8.726
19100044,2.511,2.125,2.198,2.043,2.618,3.1,3.666,6.252,9.082,7.975,11.287,9.511,18.678,0.138,0.062,0.135,0.093,0.062,0.083,0.097,0.104,0.817,0.939,1.06,0.208,0.519,0.153,0.216,0.066,0.122,2.269,0,11.813
19100045,4.08,2.762,2.493,2.792,3.316,3.704,4.52,6.585,10.852,8.981,10.771,8.289,14.406,0.099,0.038,0.031,0.038,0.065,0.037,0.047,0.14,0.58,0.561,0.6,0.071,0.344,0.117,0.102,0.05,0.22,2.053,0,11.257
19100046,2.497,2.272,2.042,2.341,2.803,3.366,3.937,6.321,11.151,8.524,12.002,6.336,18.025,0.118,0.124,0.157,0.09,0.078,0.134,0.081,0.122,0.486,1.01,0.869,0.189,0.848,0.25,0.369,0.268,0.347,2.106,0,10.736
19100047,2.58,2.763,2.518,3.022,3.763,4.295,5.162,7.822,12.535,10.702,11.929,6.684,11.879,0.065,0.017,0.041,0.031,0.027,0.007,0.024,0.034,0.133,0.095,0.109,0.024,0.034,0.017,0.018,0.014,0.177,2.077,0,11.402
19100048,2.138,1.395,1.465,1.599,1.92,2.31,2.814,4.163,6.753,5.129,10.109,5.075,26.37,0.179,0.251,0.392,0.236,0.159,0.218,0.211,0.2,3.031,2.091,2.876,0.652,3.774,0.97,1.174,0.703,0.498,1.833,0,9.31
19100049,2.306,1.64,1.713,1.851,2.538,3.088,3.58,6.581,10.432,9.04,14.42,6.655,20.808,0.148,0.125,0.194,0.125,0.079,0.097,0.066,0.093,0.449,0.727,0.858,0.138,0.616,0.189,0.205,0.098,0.221,1.708,0,9.211
19100050,2.452,2.548,2.433,2.663,3.363,3.956,4.806,7.957,11.333,10.094,13.241,6.621,15.541,0.059,0.046,0.079,0.061,0.043,0.022,0.025,0.022,0.105,0.187,0.237,0.04,0.113,0.043,0.022,0.022,0.166,2.1,0,9.602
19100051,2.682,2.235,2.213,2.024,2.364,2.642,3.085,3.792,7.149,5.966,8.295,12.261,24.245,0.129,0.111,0.072,0.066,0.088,0.053,0.171,0.334,1.389,1.87,1.244,0.22,0.938,0.28,0.277,0.208,0.196,2.442,0,10.96
19100052,2.81,2.449,2.202,2.206,2.789,2.974,3.135,4.182,7.154,7.67,9.347,14.58,21.398,0.252,0.084,0.083,0.045,0.074,0.064,0.025,0.248,0.242,0.992,0.589,0.125,0.352,0.125,0.238,0.179,0.058,1.773,0,11.554
19100053,2.256,1.574,1.368,1.315,1.525,1.706,1.9,2.562,4.26,3.218,6.284,4.674,22.436,0.255,0.247,0.441,0.25,0.279,0.29,0.203,0.298,1.795,4.037,5.669,0.867,5.678,2.508,3.01,3.1,0.868,1.256,0,13.87
19100054,1.04,0.675,0.65,0.568,0.729,0.852,0.917,1.169,1.925,1.335,3.215,2.149,24.116,0.217,0.232,0.222,0.173,0.183,0.197,0.246,0.519,2.02,4.454,7.453,1.65,9.815,4.016,5.518,5.394,1.607,0.688,0,16.058
19100055,2.134,1.405,1.323,1.335,1.482,1.872,2.214,2.741,5.882,4.081,9.636,4.017,25.698,0.311,0.337,0.442,0.324,0.178,0.283,0.267,0.51,1.423,2.953,4.049,0.699,3.665,1.094,1.7,1.219,0.658,1.335,0,14.734
19100056,2.639,1.873,1.733,1.831,2.266,2.764,3.179,5.138,8.543,6.802,10.809,5.492,24.104,0.14,0.205,0.3,0.134,0.162,0.181,0.148,0.286,1.289,2.395,2.078,0.329,1.717,0.51,0.636,0.382,0.274,1.404,0,10.261
19100057,1.318,1.07,0.854,0.827,0.993,1.146,1.445,2.007,3.232,2.631,4.601,2.669,22.763,0.137,0.156,0.249,0.16,0.106,0.239,0.297,0.322,1.966,3.705,4.114,0.914,6.309,2.418,3.376,3.451,0.602,1.005,0,24.919
19100058,1.541,1.2,1.005,1.089,0.965,1.096,1.138,1.337,2.12,1.55,2.713,2.256,19.82,0.145,0.212,0.382,0.219,0.15,0.242,0.234,0.364,2.67,4.446,7.767,1.386,10.182,4.501,6.488,6.955,0.948,0.996,0,13.885
19100059,1.25,0.776,0.743,0.767,0.968,0.781,0.947,1.146,1.59,1.109,2.57,1.783,20.115,0.315,0.156,0.223,0.111,0.13,0.189,0.251,0.426,2.589,4.75,6.758,1.662,12.927,4.903,7.492,6.739,1.131,0.849,0,13.855
19100060,2.382,1.561,1.481,1.61,1.808,1.905,2.484,3.082,5.179,4.224,9.028,4.283,27.251,0.264,0.411,0.554,0.291,0.274,0.412,0.28,0.36,1.627,3.767,4.225,0.735,4.839,1.949,2.189,1.384,0.636,1.504,0,8.022
19100061,1.926,1.467,1.357,1.528,1.768,1.934,2.57,3.692,5.835,5.159,7.723,3.813,16.873,0.113,0.211,0.462,0.228,0.133,0.221,0.225,0.315,1.253,2.164,2.54,0.555,2.458,0.938,1.165,1.15,0.721,3.091,0,26.412
19100062,1.827,1.292,1.187,1.199,1.327,1.353,1.818,1.968,3.017,2.303,4.684,2.97,21.133,0.21,0.295,0.34,0.211,0.158,0.256,0.246,0.453,2.723,3.771,6.944,1.272,8.358,4.321,5.052,5.128,1.207,0.865,0,12.111
19100063,2.221,1.703,1.307,1.71,1.544,1.916,2.141,3.232,5.602,4.607,10.032,4.655,27.7,0.237,0.489,0.677,0.385,0.291,0.404,0.26,0.35,2.213,4.125,4.563,0.904,3.549,1.016,1.398,0.923,0.547,1.26,0,8.038
19100064,1.718,1.108,1.014,1.072,0.906,1.139,1.445,1.528,3.153,2.061,5.905,3.093,28.312,0.359,0.528,0.942,0.444,0.339,0.464,0.453,0.555,2.674,5.08,7.042,1.2,6.508,2.113,2.895,3.136,0.836,0.893,0,11.084
19100065,2.959,2.089,2.004,2.192,2.531,2.836,3.621,6.213,7.949,7.82,12.555,6.634,21.859,0.319,0.233,0.279,0.164,0.103,0.133,0.124,0.139,1.221,1.481,1.452,0.151,1.127,0.254,0.328,0.108,0.432,1.457,0,9.232
19100066,2.873,2.396,2.164,2.495,3.063,3.648,4.32,7.357,10.723,9.826,11.649,5.515,16.982,0.092,0.107,0.189,0.101,0.076,0.074,0.061,0.179,0.603,1.306,0.73,0.135,0.704,0.219,0.19,0.081,0.218,2.056,0,9.864
19100067,3.128,2.506,2.518,2.336,3.14,3.263,3.714,6.065,8.569,8.329,11.02,8.488,17.36,0.184,0.126,0.199,0.109,0.079,0.102,0.119,0.062,0.869,0.908,0.764,0.165,0.614,0.229,0.214,0.168,0.208,2.741,0,11.703
19100068,2.985,2.215,2.027,2.612,3.088,3.504,4.534,8.018,10.523,8.976,12.385,6.177,16.791,0.089,0.145,0.152,0.1,0.101,0.089,0.13,0.137,1.15,0.838,0.227,0.055,0.448,0.156,0.133,0.048,0.166,2.325,0,9.674
19100069,2.616,2.167,1.936,1.701,2.098,2.011,2.33,3.197,4.936,5.155,7.224,10.644,23.917,0.467,0.329,0.462,0.241,0.242,0.344,0.208,0.32,1.161,2.623,3.047,0.446,2.815,0.891,1.251,1.217,0.477,2.293,0,11.236
19100070,1.778,1.283,1.34,1.198,1.44,1.259,1.401,1.497,2.272,1.885,3.055,1.789,21.537,0.126,0.289,0.523,0.274,0.25,0.482,0.27,0.562,1.9,5.846,8.413,1.681,10.027,3.626,6.101,6.465,0.886,1.206,0,9.341
19100071,1.882,1.492,1.382,1.421,1.452,1.568,1.839,2.114,3.285,2.938,5.617,3.734,24.196,0.206,0.269,0.594,0.401,0.184,0.326,0.19,0.509,1.864,4.659,6.917,0.897,6.056,2.507,2.938,2.556,0.786,1.076,0,14.145
19100072,2.475,1.678,1.531,1.762,1.983,2.39,2.586,3.926,7.757,5.447,11.68,5.029,26.136,0.158,0.341,0.54,0.328,0.191,0.285,0.394,0.513,2.079,4.198,2.656,0.325,2.593,0.77,0.852,0.509,0.268,1.22,0,7.399
19100073,1.902,1.154,1.367,1.173,1.223,1.361,1.594,1.861,4.002,2.63,7.663,3.128,27.174,0.315,0.6,0.632,0.527,0.263,0.432,0.209,0.513,3.015,5.445,6.453,1.514,6.373,2.553,2.871,2.428,0.955,1.076,0,7.596
19100074,2.335,2.214,1.942,1.867,2.537,2.871,3.105,4.038,5.627,5.475,6.538,7.52,18.711,0.131,0.105,0.188,0.081,0.14,0.174,0.156,0.283,0.955,2.438,4.322,0.723,4.416,1.855,2.528,2.729,0.85,2.815,0,10.332
19100075,3.136,2.378,2.262,2.269,2.594,2.834,3.173,4.49,7.77,6.945,11.352,9.011,22.772,0.145,0.191,0.251,0.09,0.11,0.124,0.203,0.184,0.889,1.536,0.883,0.105,0.728,0.182,0.218,0.059,0.112,1.723,0,11.285
19100076,3.13,2.213,2.116,2.179,2.631,3.269,3.888,5.916,9.035,8.325,10.369,6.091,19.531,0.079,0.107,0.12,0.103,0.078,0.081,0.086,0.092,0.696,1.483,1.374,0.196,1.057,0.284,0.379,0.096,0.143,1.501,0,13.35
19100077,1.157,0.691,0.636,0.668,0.793,0.885,0.889,1.467,1.906,1.662,2.88,1.787,16.959,0.152,0.168,0.233,0.131,0.069,0.15,0.254,0.368,2.006,4.184,6.807,1.637,9.58,4.062,6.222,5.964,0.959,0.816,0,23.857
19100078,2.869,2.238,1.964,2.012,2.525,3.055,3.546,5.745,9.586,8.609,12.617,6.858,21.253,0.19,0.157,0.24,0.113,0.11,0.125,0.139,0.141,0.88,0.869,1.058,0.112,0.525,0.105,0.143,0.092,0.252,1.692,0,10.182
19100079,2.346,2.39,2.079,2.407,2.919,3.515,4.016,7.106,10.27,10.927,12.907,6.859,16.05,0.051,0.071,0.07,0.053,0.063,0.04,0.03,0.033,0.448,0.275,0.317,0.037,0.218,0.066,0.038,0.017,0.24,2.547,0,11.596
19100080,3.243,2.89,2.559,2.697,3.328,3.482,4.074,5.694,7.831,8.079,10.13,11.737,15.342,0.137,0.069,0.114,0.088,0.051,0.09,0.08,0.074,0.417,0.665,0.563,0.124,0.314,0.114,0.095,0.069,0.092,2.695,0,13.065
19100081,2.356,2.186,1.926,2.113,2.267,2.645,3.373,5.694,9.971,8.898,13.593,7.237,23.426,0.103,0.14,0.118,0.081,0.074,0.063,0.103,0.121,0.501,0.851,0.555,0.148,0.375,0.106,0.125,0.04,0.188,1.471,0,9.152
19100082,2.605,2.65,2.148,2.489,3.022,3.578,4.454,7.424,11.467,10.191,13.604,6.674,13.96,0.063,0.06,0.051,0.057,0.029,0.046,0.02,0.034,0.123,0.134,0.189,0.029,0.106,0.029,0.014,0.014,0.161,2.748,0,11.827
19100083,1.914,1.789,1.495,1.463,2.045,1.827,2.485,2.887,5.073,4.96,7.937,8.667,24.192,0.239,0.328,0.458,0.292,0.275,0.476,0.171,0.534,1.495,3.163,4.158,0.628,3.184,1.057,1.357,1.058,0.471,1.726,0,12.197
19100084,1.653,1.421,1.122,1.436,1.447,1.534,1.656,2.324,3.651,2.959,5.295,2.811,21.005,0.289,0.276,0.578,0.36,0.272,0.504,0.22,0.469,2.08,4.266,7.247,1.127,6.376,2.474,2.974,3.068,1.13,1.453,0,16.523
19100085,2.583,2.411,1.804,2.073,2.312,2.565,2.795,4.31,5.486,6.139,8.643,10.321,23.163,0.185,0.234,0.203,0.199,0.144,0.268,0.108,0.192,1.204,1.681,1.983,0.252,1.24,0.535,0.543,0.422,0.266,2.48,0,13.259
19100086,3.388,2.695,2.358,2.49,3.267,3.256,3.874,5.073,7.561,8.039,9.864,10.311,18.088,0.136,0.079,0.095,0.12,0.073,0.098,0.112,0.1,0.485,0.629,0.875,0.125,0.53,0.234,0.183,0.158,0.69,3.001,0,12.017
19100087,3.479,2.837,2.295,2.664,3.22,3.041,3.853,4.849,7.914,8.53,10.477,13.027,15.818,0.28,0.149,0.138,0.092,0.073,0.104,0.008,0.08,0.442,0.661,0.305,0.048,0.208,0.091,0.08,0.031,0.122,2.923,0,12.163
19100088,3.13,2.765,2.536,2.45,2.817,3.107,3.56,5.243,7.846,8.305,10.11,9.954,16.899,0.116,0.078,0.078,0.08,0.046,0.079,0.077,0.125,0.572,0.543,0.46,0.049,0.305,0.099,0.087,0.064,0.176,4.175,0,14.068
19100089,2.81,2.506,2.285,2.261,3.038,3.123,3.757,4.542,7.324,8.51,10.802,14.671,18.066,0.211,0.052,0.047,0.119,0.07,0.048,0.03,0.043,0.498,0.379,0.32,0.051,0.13,0.046,0.026,0.021,0.022,1.84,0,12.352
19100090,2.643,3.052,2.054,2.313,3.037,2.752,3.489,4.607,7.878,7.851,10.137,13.386,18.645,0.17,0.145,0.183,0.057,0.066,0.08,0.038,0.129,0.421,0.598,0.519,0.105,0.196,0.144,0.045,0.025,0.102,3.409,0,11.725
19100091,3.154,2.765,2.628,2.33,3.26,3.4,3.855,5.174,7.901,7.173,9.888,12.942,17.633,0.262,0.093,0.127,0.109,0.1,0.095,0.115,0.195,0.598,0.608,0.536,0.085,0.228,0.075,0.078,0.074,0.084,2.985,0,11.449
19100092,3.4,2.513,2.3,2.278,2.357,2.677,2.967,3.564,6.953,5.222,7.336,9.364,27.071,0.215,0.159,0.147,0.113,0.115,0.165,0.179,0.386,1.034,2.299,1.622,0.286,1.171,0.463,0.294,0.164,0.18,1.629,0,11.376
19100093,3.225,2.811,2.559,2.466,3.077,3.303,3.951,4.78,7.6,7.903,9.739,13.477,18.397,0.164,0.081,0.058,0.045,0.049,0.076,0.049,0.061,0.421,0.557,0.529,0.087,0.21,0.092,0.084,0.034,0.07,2.135,0,11.909
19100094,2.987,2.199,2.401,2.048,2.173,2.529,2.898,3.454,7.091,5.292,8.979,11.277,26.126,0.19,0.148,0.11,0.128,0.086,0.125,0.091,0.289,1.036,1.898,1.053,0.415,0.857,0.283,0.194,0.092,0.159,2.498,0,10.897
19100095,2.959,2.673,2.443,2.147,2.713,2.851,3.33,4.414,6.73,7.35,9.748,14.15,20.846,0.221,0.077,0.071,0.064,0.108,0.08,0.038,0.092,0.306,0.586,0.412,0.078,0.241,0.093,0.054,0.05,0.127,2.021,0,12.925
19100096,3.201,2.659,2.715,2.558,3.119,3.247,3.591,4.666,7.354,7.453,10.068,11.977,20.027,0.338,0.119,0.112,0.099,0.084,0.083,0.067,0.074,0.517,0.537,0.489,0.074,0.192,0.153,0.044,0.049,0.162,1.949,0,12.224
19100097,3.076,2.785,2.356,2.265,2.632,3.051,3.523,4.576,7.513,6.563,9.482,12.523,21.607,0.156,0.087,0.083,0.07,0.1,0.076,0.059,0.152,0.754,0.978,0.565,0.099,0.378,0.212,0.158,0.078,0.209,2.159,0,11.674
19100098,3.096,2.616,2.357,2.288,2.623,2.768,3.183,4.296,6.874,7.42,9.541,13.898,20.474,0.194,0.066,0.119,0.119,0.054,0.082,0.044,0.093,0.838,0.636,0.688,0.073,0.348,0.132,0.044,0.044,0.075,2.134,0,12.783
19100099,2.828,2.779,2.442,2.562,3.046,3.327,3.914,6.397,9.589,9.631,12.222,9.271,15.349,0.112,0.062,0.1,0.067,0.083,0.052,0.035,0.068,0.123,0.271,0.23,0.034,0.106,0.061,0.05,0.011,0.144,2.818,0,12.217
19100100,2.635,2.244,2.044,2.253,2.836,3.194,3.685,4.828,6.853,6.529,8.608,5.163,21.7,0.305,0.268,0.437,0.254,0.173,0.308,0.161,0.282,1.411,2.084,2.567,0.439,1.839,0.583,0.778,0.805,0.646,2.648,0,11.438
19100101,3.282,2.932,2.604,2.818,3.85,3.717,4.496,5.683,7.363,7.936,9.7,11.366,15.733,0.158,0.038,0.044,0.077,0.042,0.082,0.039,0.087,0.636,0.411,0.327,0.063,0.206,0.085,0.087,0.046,0.142,3.294,0,12.659
19100102,1.598,1.224,1.321,1.162,1.244,1.369,1.38,1.711,3.862,2.729,8.834,2.766,33.838,0.271,0.531,0.936,0.671,0.475,0.947,0.283,0.544,2.362,4.768,6.471,0.973,4.335,1.382,1.904,1.055,0.545,1.195,0,7.312
19100103,2.163,1.612,1.367,1.346,1.421,1.373,1.59,1.777,3.294,2.305,6.604,2.465,30.162,0.269,0.402,0.769,0.534,0.351,0.786,0.206,0.726,2.527,5.478,6.867,1.102,5.626,1.966,2.718,1.794,0.666,1.241,0,8.495
19100104,2.797,2.41,2.053,2.186,2.889,2.979,3.705,4.824,6.988,8.636,9.863,13.614,16.412,0.251,0.11,0.068,0.052,0.061,0.101,0.133,0.083,0.865,0.353,0.406,0.048,0.167,0.055,0.056,0.053,0.338,3.019,0,14.426
19100105,2.599,2.706,2.231,2.382,2.86,2.869,3.524,4.68,5.818,5.44,7.817,4.73,17.01,0.185,0.279,0.455,0.325,0.199,0.371,0.112,0.304,1.651,3.527,4.035,0.541,3.725,1.203,1.807,1.428,0.456,3.42,0,11.311
19100106,3.044,2.985,2.613,2.576,3.117,3.452,3.83,5.587,7.918,8.409,10.216,10.861,16.013,0.173,0.07,0.059,0.058,0.071,0.066,0.169,0.067,0.391,0.577,0.388,0.058,0.178,0.087,0.053,0.046,0.125,3.352,0,13.392
19100107,2.214,1.688,1.212,1.177,1.173,1.181,1.309,1.244,2.33,1.807,5.071,2.897,29.656,0.379,0.437,0.783,0.558,0.341,0.631,0.462,0.802,4.009,5.245,8.57,0.999,5.811,1.941,2.15,1.645,0.96,1.277,0,10.041
19100108,3.194,3.241,2.546,2.435,2.818,3.055,3.382,4.562,6.947,7.636,9.775,13.088,18.633,0.235,0.063,0.095,0.084,0.048,0.103,0.048,0.126,0.22,0.552,0.522,0.084,0.245,0.115,0.083,0.071,0.096,2.026,0,13.873
19100109,2.903,2.531,2.578,2.761,3.499,3.609,4.825,6.447,9.522,8.608,11.492,7.31,15.852,0.083,0.03,0.064,0.059,0.054,0.067,0.068,0.086,0.813,0.615,0.507,0.111,0.299,0.121,0.109,0.072,0.27,2.604,0,12.032
19100110,2.803,1.983,1.962,2.172,2.646,3.516,3.258,6.44,10.303,8.537,11.973,6.326,18.455,0.094,0.204,0.331,0.111,0.14,0.115,0.174,0.128,2.318,1.21,1.302,0.214,0.855,0.233,0.351,0.165,0.283,1.718,0,9.683
19100111,2.758,2.413,2.227,2.282,2.946,2.999,3.963,5.018,7.705,6.735,11.202,8.948,21.075,0.172,0.143,0.142,0.086,0.098,0.105,0.121,0.214,0.813,1.037,0.86,0.127,0.487,0.143,0.2,0.113,0.136,3.417,0,11.317
